Grade,Fuel_Name,CO2_TtW_MT_Per_MT,CO2e_TtW_MT_Per_MT,Basis,Source_Name,Source_URL,Notes
HSFO,High Sulphur Fuel Oil (HSFO),3.114,3.163,IMO Cf,IMO Resolution MEPC.364(79) - 2022 Guidelines on EEXI/CII calculation (Cf table, amending MEPC.245(66)),https://wwwcdn.imo.org/localresources/en/KnowledgeCentre/IndexofIMOResolutions/MEPCDocuments/MEPC.364(79).pdf,"Tank-to-wake combustion CO2 factor for IMO's 'Heavy Fuel Oil' category (ISO 8217 RME-RMK). CO2e adds the EU MRV/FuelEU Maritime Annex II HFO defaults for CH4 (0.00005 g/g fuel) and N2O (0.00018 g/g fuel), converted at GWP100 AR5 (CH4=28, N2O=265): 0.00005x28 + 0.00018x265 = +0.049 t CO2e/t. Only burned by scrubber-fitted vessels in this fleet - matches energy_per_mt.csv row."
VLSFO,Very Low Sulphur Fuel Oil (0.50% S),3.114,3.163,IMO Cf,IMO Resolution MEPC.364(79),https://wwwcdn.imo.org/localresources/en/KnowledgeCentre/IndexofIMOResolutions/MEPCDocuments/MEPC.364(79).pdf,"Same IMO 'Heavy Fuel Oil' Cf category as HSFO - the table sets Cf by ISO 8217 grade family (carbon content), not by sulphur spec, so VLSFO and HSFO share one factor despite differing prices. CO2e uplift as HSFO row (+0.049 t/t, EU MRV/FuelEU Annex II HFO defaults at GWP100 AR5)."
MGO,Marine Gas Oil,3.206,3.255,IMO Cf,IMO Resolution MEPC.364(79),https://wwwcdn.imo.org/localresources/en/KnowledgeCentre/IndexofIMOResolutions/MEPCDocuments/MEPC.364(79).pdf,"IMO 'Diesel/Gas Oil' Cf category (ISO 8217 DMX-DMB). Covers LSMGO too - sulphur spec does not change the carbon-content-based Cf, and this app treats the two as one product; see data/README.md. CO2e adds the same +0.049 t/t CH4+N2O uplift used for the other conventional liquid grades (EU MRV/FuelEU Annex II HFO defaults, GWP100 AR5) as a documented simplification - N2O formation tracks combustion temperature more than fuel chemistry, so no grade-specific default exists."
MDO,Marine Diesel Oil,3.206,3.255,IMO Cf,IMO Resolution MEPC.364(79),https://wwwcdn.imo.org/localresources/en/KnowledgeCentre/IndexofIMOResolutions/MEPCDocuments/MEPC.364(79).pdf,"DMB grade falls in the same Diesel/Gas Oil Cf bracket as MGO. CO2e uplift as MGO row (+0.049 t/t)."
LNG,Liquefied Natural Gas,2.750,3.533,IMO Cf + EU MRV/FuelEU methane slip,IMO Resolution MEPC.364(79) (CO2); EU Regulation 2015/757 Annex I/II as amended by 2023/957, FuelEU Maritime Annex II (CH4 slip default); ICCT 'Options for Reducing Methane Emissions from New and Existing LNG-Fueled Ships' (Oct 2023),https://wwwcdn.imo.org/localresources/en/KnowledgeCentre/IndexofIMOResolutions/MEPCDocuments/MEPC.364(79).pdf ; https://theicct.org/wp-content/uploads/2023/10/Options-for-Reducing-Methane-Emissions-from-New-and-Existing-LNG-Fueled-Ships-FINAL-926.pdf,"CO2_TtW (2.750) is combustion-only and assumes zero slip - the true figure depends entirely on engine technology, which this fleet-wide file cannot know per-vessel (LNG is priced in this app but never burned - see src/lib/types.ts). CO2e uses CO2e = (1-slip)x2.750 + slipx28 (GWP100 AR5 CH4=28). CO2e_TtW_MT_Per_MT (3.533) is the EU MRV/FuelEU Annex II regulatory default: 3.1% w/w slip, 4-stroke low-pressure Otto-cycle dual-fuel (the most common retrofit/newbuild engine type). Full documented range: ~2.80 t/t at 0.2% slip (2-stroke high-pressure diesel-cycle, e.g. ME-GI - the cleanest option) up to ~3.71 t/t at 3.8% slip (measured worst case, per ICCT). Above ~1.3% slip, LNG's CO2e EXCEEDS VLSFO's combustion-only CO2 (3.114) - the well-documented finding that methane slip can erase LNG's on-paper CO2 advantage. Same regulatory framework (Annex I/II factors x GWP) underlies both EU MRV reporting and EU ETS surcharge liability for shipping (CO2 phased in from 2024, CH4+N2O from 2026) - one figure set serves both, nothing EU-ETS-specific to add."
MEOH,Methanol,1.375,1.424,IMO Cf,IMO Resolution MEPC.364(79),https://wwwcdn.imo.org/localresources/en/KnowledgeCentre/IndexofIMOResolutions/MEPCDocuments/MEPC.364(79).pdf,"Matches CH3OH stoichiometry to 3 s.f.: 1 carbon per 32.04 g/mol molecule, so Cf = 44.01/32.04 = 1.373 - within rounding of IMO's published 1.375, a useful cross-check that the source figure is transcribed correctly. CO2e adds the same +0.049 t/t CH4+N2O uplift as the conventional liquid grades (no significant slip mechanism for a liquid distillate-like fuel; small N2O contribution assumed similar in kind). MEOH_VLSFOe and MEOH_MGOe (src/lib pricing) are the same physical methanol restated as energy-equivalent prices, not separate fuels - they share this row."
B24,Biodiesel Blend (24% FAME / 76% VLSFO),3.043,3.092,Calculated blend,Calculated - see FAME_B100 row and VLSFO row this file,,"0.76 x VLSFO (3.114) + 0.24 x FAME B100 (2.82) = 3.043 t CO2/t. Uses the same 0.76/0.24 mass-fraction weighting energy_per_mt.csv already applied to derive this grade's GJ/mt, for internal consistency. B24 is modelled off the VLSFO hub per data/README.md, consistent with a residual-fuel-oil base blend. CO2e adds the flat +0.049 t/t CH4+N2O uplift used across the conventional/blended liquid grades."
B40,Biodiesel Blend (40% FAME / 60% MGO),3.052,3.101,Calculated blend,Calculated - see FAME_B100 row and MGO row this file,,"0.60 x MGO (3.206) + 0.40 x FAME B100 (2.82) = 3.052 t CO2/t. Uses the same 0.60/0.40 mass-fraction weighting energy_per_mt.csv already applied to derive this grade's GJ/mt. B40 is the Pertamina-mandated Indonesian marine/auto diesel blend (replaced B35 on 2025-01-01), a distillate-base blend. CO2e adds the flat +0.049 t/t CH4+N2O uplift."
,FAME (B100, reference only - not a priced/tradeable grade in this app),2.82,2.87,Stoichiometric estimate,"Derived: representative FAME molecule (methyl oleate, C19H36O2) stoichiometry, cross-checked against EPA GHG Emission Factors Hub stationary-combustion Biodiesel(100%) factor",https://www.epa.gov/climateleadership/ghg-emission-factors-hub,"C19H36O2 (methyl oleate, a representative FAME ester): carbon fraction 228.2/296.5 = 0.770 by mass; CO2_TtW = 0.770 x (44.01/12.011) = 0.770 x 3.664 = 2.82 t CO2/t. Cross-checked against EPA's Table 1 stationary-combustion Biodiesel(100%) factor (73.9 kg CO2e/MMBtu), converted via EPA's default B100 heat content (0.128 MMBtu/gal) and density (~3.33 kg/gal): 73.9 x 0.128 / 3.33 = 2.84 t/t - the two independent methods agree within 1%, giving reasonable confidence despite no single primary source stating a marine-FAME Cf directly (IMO's Cf table has no biodiesel line; MEPC.1/Circ.905's biofuel Cf is a well-to-wake lifecycle figure for CII policy, deliberately not used here per the tank-to-wake basis this file follows). 100% FAME baseline used only to derive the B24/B40 blend figures above - not itself a Grade code in src/lib/types.ts. CO2e adds the same +0.049 t/t uplift."
