Grade,Fuel_Name,Energy_Content_GJ_Per_MT,Basis,Source_Name,Source_URL,Notes
HSFO,High Sulphur Fuel Oil (HSFO),40.2,LCV,IMO Resolution MEPC.364(79) - 2022 Guidelines on EEXI/CII calculation,https://wwwcdn.imo.org/localresources/en/KnowledgeCentre/IndexofIMOResolutions/MEPCDocuments/MEPC.364(79).pdf,"IMO 'Heavy Fuel Oil' category (ISO 8217 RME-RMK). Only burned by scrubber-fitted vessels in this fleet."
VLSFO,Very Low Sulphur Fuel Oil (0.50% S),41.7,NCV,"Integr8 Fuels, cited via Ship & Bunker (2020 ISO 8217 committee data)",https://shipandbunker.com/news/world/662089-integr8-vlsfo-calorific-value-pour-point-and-competitiveness-with-lsmgo,"IMO's MEPC.364(79) table predates a dedicated VLSFO line, so this uses the industry-assessed average NCV instead. Sits ~3% above HSFO and ~3% below LSMGO, as expected for a residual grade between the two on sulphur/paraffinicity."
MGO,Marine Gas Oil,42.7,LCV,IMO Resolution MEPC.364(79),https://wwwcdn.imo.org/localresources/en/KnowledgeCentre/IndexofIMOResolutions/MEPCDocuments/MEPC.364(79).pdf,"IMO 'Diesel/Gas Oil' category (ISO 8217 DMX-DMB). Covers LSMGO too - this app treats the two as one product; see data/README.md."
MDO,Marine Diesel Oil,42.7,LCV,IMO Resolution MEPC.364(79),https://wwwcdn.imo.org/localresources/en/KnowledgeCentre/IndexofIMOResolutions/MEPCDocuments/MEPC.364(79).pdf,"DMB grade falls in IMO's same Diesel/Gas Oil bracket as MGO; permits marginal residual carryover but energy content does not diverge meaningfully."
LNG,Liquefied Natural Gas,48.0,LCV,IMO Resolution MEPC.364(79),https://wwwcdn.imo.org/localresources/en/KnowledgeCentre/IndexofIMOResolutions/MEPCDocuments/MEPC.364(79).pdf,"Native commercial unit is $/MMBtu (JKM); 48.0 GJ/mt = 45.5 MMBtu/mt for conversion. Field figures vary 45-49 GJ/mt by composition - this is the IMO regulatory reference value."
MEOH,Methanol,19.9,LCV,IMO Resolution MEPC.364(79),https://wwwcdn.imo.org/localresources/en/KnowledgeCentre/IndexofIMOResolutions/MEPCDocuments/MEPC.364(79).pdf,"Less than half the energy density of fossil residual/distillate grades - the reason methanol-fuelled vessels carry much larger tank volumes for the same range. MEOH_VLSFOe and MEOH_MGOe (as used in src/lib pricing) are the same physical methanol restated as energy-equivalent prices against VLSFO/MGO, not separate fuels - they share this row's energy content."
B24,Biodiesel Blend (24% FAME / 76% VLSFO),40.7,LCV (calculated),Calculated blend - see FAME_B100 row and VLSFO row this file,,"0.76 x VLSFO (41.7) + 0.24 x FAME B100 (37.5) = 40.7 GJ/mt. B24 is modelled off the VLSFO hub per data/README.md, consistent with a residual-fuel-oil base blend."
B40,Biodiesel Blend (40% FAME / 60% MGO),40.6,LCV (calculated),Calculated blend - see FAME_B100 row and MGO row this file,,"0.60 x MGO (42.7) + 0.40 x FAME B100 (37.5) = 40.6 GJ/mt. B40 is the Pertamina-mandated Indonesian marine/auto diesel blend (replaced B35 on 2025-01-01), a distillate-base blend."
,"FAME (B100, reference only - not a priced/tradeable grade in this app)",37.5,LCV,"CIMAC Guideline, Marine Fuels containing FAME (04/2024); consistent with ~12-13% energy deficit vs petroleum diesel reported across biodiesel literature",https://www.cimac.com/cms/upload/workinggroups/WG7/CIMAC_Guideline_Marine-fuels_containing_FAME_04-2024.pdf,"100% FAME (biodiesel) baseline used only to derive the B24/B40 blend figures above. Not itself a Grade code in src/lib/types.ts."
