Date,NINGBO B24,PORTKLANG B24,SINGAPORE B24,LAEMCHABANG B24,HOCHIMINH B24,JAKARTA B40,SURABAYA B40
2026-08-05,1001.5,984.5,981.5,1009.5,1013.5,1329,1275
2026-08-04,1029.5,1012.5,1009.5,1037.5,1041.5,1357,1303
2026-08-03,1025,1008,1005,1033,1037,1352.5,1298.5
2026-07-31,1022.5,1005.5,1002.5,1030.5,1034.5,1350,1296
2026-07-30,1015.5,998.5,995.5,1023.5,1027.5,1343,1289
2026-07-29,1001,984,981,1009,1013,1328.5,1274.5
2026-07-28,999.5,982.5,979.5,1007.5,1011.5,1327,1273
2026-07-27,1022.5,1005.5,1002.5,1030.5,1034.5,1350,1296
2026-07-24,1054,1037,1034,1062,1066,1381.5,1327.5
2026-07-23,1059.5,1042.5,1039.5,1067.5,1071.5,1387,1333
2026-07-22,1005.5,988.5,985.5,1013.5,1017.5,1333,1279
2026-07-21,970,953,950,978,982,1297.5,1243.5
2026-07-20,978,961,958,986,990,1305.5,1251.5
2026-07-17,954.5,937.5,934.5,962.5,966.5,1282,1228
2026-07-16,965.5,948.5,945.5,973.5,977.5,1293,1239
2026-07-15,960,943,940,968,972,1287.5,1233.5
2026-07-14,935.5,918.5,915.5,943.5,947.5,1263,1209
2026-07-13,877.5,860.5,857.5,885.5,889.5,1205,1151
2026-07-10,862.5,845.5,842.5,870.5,874.5,1190,1136
2026-07-09,869,852,849,877,881,1196.5,1142.5
2026-07-08,855.5,838.5,835.5,863.5,867.5,1183,1129
2026-07-07,818,801,798,826,830,1145.5,1091.5
2026-07-06,823.5,806.5,803.5,831.5,835.5,1151,1097
2026-07-03,848.5,831.5,828.5,856.5,860.5,1176,1122
2026-07-02,852,835,832,860,864,1179.5,1125.5
2026-07-01,871.5,854.5,851.5,879.5,883.5,1199,1145
2026-06-30,876,859,856,884,888,1203.5,1149.5
2026-06-29,879,862,859,887,891,1206.5,1152.5
2026-06-26,897.5,880.5,877.5,905.5,909.5,1225,1171
2026-06-25,888,871,868,896,900,1215.5,1161.5
2026-06-24,895,878,875,903,907,1222.5,1168.5
2026-06-23,886.5,869.5,866.5,894.5,898.5,1214,1160
2026-06-22,896.5,879.5,876.5,904.5,908.5,1224,1170
2026-06-19,854.5,837.5,834.5,862.5,866.5,1182,1128
2026-06-18,844,827,824,852,856,1171.5,1117.5
2026-06-17,830.5,813.5,810.5,838.5,842.5,1158,1104
2026-06-16,850.5,833.5,830.5,858.5,862.5,1178,1124
2026-06-15,870,853,850,878,882,1197.5,1143.5
2026-06-12,908.5,891.5,888.5,916.5,920.5,1236,1182
2026-06-11,933.5,916.5,913.5,941.5,945.5,1261,1207
2026-06-10,933,916,913,941,945,1260.5,1206.5
2026-06-09,955.5,938.5,935.5,963.5,967.5,1283,1229
2026-06-08,982.5,965.5,962.5,990.5,994.5,1310,1256
2026-06-05,974,957,954,982,986,1301.5,1247.5
2026-06-04,989.5,972.5,969.5,997.5,1001.5,1317,1263
2026-06-03,989.5,972.5,969.5,997.5,1001.5,1317,1263
2026-06-02,977,960,957,985,989,1304.5,1250.5
2026-06-01,974,957,954,982,986,1301.5,1247.5
2026-05-29,966,949,946,974,978,1293.5,1239.5
2026-05-28,975.5,958.5,955.5,983.5,987.5,1303,1249
2026-05-27,979.5,962.5,959.5,987.5,991.5,1307,1253
2026-05-26,978.5,961.5,958.5,986.5,990.5,1306,1252
2026-05-25,967,950,947,975,979,1294.5,1240.5
2026-05-22,1012.5,995.5,992.5,1020.5,1024.5,1340,1286
2026-05-21,1017,1000,997,1025,1029,1344.5,1290.5
2026-05-20,1050.5,1033.5,1030.5,1058.5,1062.5,1378,1324
2026-05-19,1067.5,1050.5,1047.5,1075.5,1079.5,1395,1341
2026-05-18,1067,1050,1047,1075,1079,1394.5,1340.5
2026-05-15,1037.5,1020.5,1017.5,1045.5,1049.5,1365,1311
2026-05-14,1021,1004,1001,1029,1033,1348.5,1294.5
2026-05-13,1025,1008,1005,1033,1037,1352.5,1298.5
2026-05-12,1014.5,997.5,994.5,1022.5,1026.5,1342,1288
2026-05-11,994,977,974,1002,1006,1321.5,1267.5
2026-05-08,986.5,969.5,966.5,994.5,998.5,1314,1260
2026-05-07,1001,984,981,1009,1013,1328.5,1274.5
2026-05-06,1028,1011,1008,1036,1040,1355.5,1301.5
2026-05-05,1047,1030,1027,1055,1059,1374.5,1320.5
2026-05-04,1000,983,980,1008,1012,1327.5,1273.5
2026-05-01,970,953,950,978,982,1297.5,1243.5
2026-04-30,999,982,979,1007,1011,1326.5,1272.5
2026-04-29,962,945,942,970,974,1289.5,1235.5
2026-04-28,949,932,929,957,961,1276.5,1222.5
2026-04-27,944.5,927.5,924.5,952.5,956.5,1272,1218
2026-04-24,940,923,920,948,952,1267.5,1213.5
2026-04-23,923.5,906.5,903.5,931.5,935.5,1251,1197
2026-04-22,893.5,876.5,873.5,901.5,905.5,1221,1167
2026-04-21,865,848,845,873,877,1192.5,1138.5
2026-04-20,881,864,861,889,893,1208.5,1154.5
2026-04-17,898.5,881.5,878.5,906.5,910.5,1226,1172
2026-04-16,902,885,882,910,914,1229.5,1175.5
2026-04-15,913,896,893,921,925,1240.5,1186.5
2026-04-14,934,917,914,942,946,1261.5,1207.5
2026-04-13,947,930,927,955,959,1274.5,1220.5
2026-04-10,951.5,934.5,931.5,959.5,963.5,1279,1225
2026-04-09,950.5,933.5,930.5,958.5,962.5,1278,1224
2026-04-08,980.5,963.5,960.5,988.5,992.5,1308,1254
2026-04-07,1050.5,1033.5,1030.5,1058.5,1062.5,1378,1324
2026-04-06,1073,1056,1053,1081,1085,1400.5,1346.5
2026-04-03,1064,1047,1044,1072,1076,1391.5,1337.5
2026-04-02,1064,1047,1044,1072,1076,1391.5,1337.5
2026-04-01,1058.5,1041.5,1038.5,1066.5,1070.5,1386,1332
2026-03-31,1053,1036,1033,1061,1065,1380.5,1326.5
2026-03-30,1062.5,1045.5,1042.5,1070.5,1074.5,1390,1336
2026-03-27,1019,1002,999,1027,1031,1346.5,1292.5
2026-03-26,1023.5,1006.5,1003.5,1031.5,1035.5,1351,1297
2026-03-25,1024,1007,1004,1032,1036,1351.5,1297.5
2026-03-24,1079.5,1062.5,1059.5,1087.5,1091.5,1407,1353
2026-03-23,1171,1154,1151,1179,1183,1498.5,1444.5
2026-03-20,1200.5,1183.5,1180.5,1208.5,1212.5,1528,1474
2026-03-19,1255,1238,1235,1263,1267,1582.5,1528.5
2026-03-18,1189.5,1172.5,1169.5,1197.5,1201.5,1517,1463
2026-03-17,1261.5,1244.5,1241.5,1269.5,1273.5,1589,1535
2026-03-16,1304.5,1287.5,1284.5,1312.5,1316.5,1632,1578
2026-03-13,1305.5,1288.5,1285.5,1313.5,1317.5,1633,1579
2026-03-12,1270.5,1253.5,1250.5,1278.5,1282.5,1598,1544
2026-03-11,1234,1217,1214,1242,1246,1561.5,1507.5
2026-03-10,1235.5,1218.5,1215.5,1243.5,1247.5,1563,1509
2026-03-09,1301,1284,1281,1309,1313,1628.5,1574.5
2026-03-06,1007.5,990.5,987.5,1015.5,1019.5,1335,1281
2026-03-05,880.5,863.5,860.5,888.5,892.5,1208,1154
2026-03-04,843.5,826.5,823.5,851.5,855.5,1171,1117
2026-03-03,825.5,808.5,805.5,833.5,837.5,1153,1099
2026-03-02,759.5,742.5,739.5,767.5,771.5,1087,1033
2026-02-27,706.5,689.5,686.5,714.5,718.5,1034,980
2026-02-26,698,681,678,706,710,1025.5,971.5
2026-02-25,696.5,679.5,676.5,704.5,708.5,1024,970
2026-02-24,699.5,682.5,679.5,707.5,711.5,1027,973
2026-02-23,700,683,680,708,712,1027.5,973.5
2026-02-20,701,684,681,709,713,1028.5,974.5
2026-02-19,693,676,673,701,705,1020.5,966.5
2026-02-18,675,658,655,683,687,1002.5,948.5
2026-02-17,675.5,658.5,655.5,683.5,687.5,1003,949
2026-02-16,669.5,652.5,649.5,677.5,681.5,997,943
2026-02-13,667.5,650.5,647.5,675.5,679.5,995,941
2026-02-12,676.5,659.5,656.5,684.5,688.5,1004,950
2026-02-11,676,659,656,684,688,1003.5,949.5
2026-02-10,672.5,655.5,652.5,680.5,684.5,1000,946
2026-02-09,670.5,653.5,650.5,678.5,682.5,998,944
2026-02-06,674.5,657.5,654.5,682.5,686.5,1002,948
2026-02-05,675,658,655,683,687,1002.5,948.5
2026-02-04,669.5,652.5,649.5,677.5,681.5,997,943
2026-02-03,656,639,636,664,668,983.5,929.5
2026-02-02,658,641,638,666,670,985.5,931.5
2026-01-30,670.5,653.5,650.5,678.5,682.5,998,944
2026-01-29,669.5,652.5,649.5,677.5,681.5,997,943
2026-01-28,661,644,641,669,673,988.5,934.5
2026-01-27,653,636,633,661,665,980.5,926.5
2026-01-26,650.5,633.5,630.5,658.5,662.5,978,924
2026-01-23,644.5,627.5,624.5,652.5,656.5,972,918
2026-01-22,642,625,622,650,654,969.5,915.5
2026-01-21,635,618,615,643,647,962.5,908.5
2026-01-20,636.5,619.5,616.5,644.5,648.5,964,910
2026-01-19,634.5,617.5,614.5,642.5,646.5,962,908
2026-01-16,633.5,616.5,613.5,641.5,645.5,961,907
2026-01-15,634.5,617.5,614.5,642.5,646.5,962,908
2026-01-14,633,616,613,641,645,960.5,906.5
2026-01-13,623.5,606.5,603.5,631.5,635.5,951,897
2026-01-12,616.5,599.5,596.5,624.5,628.5,944,890
2026-01-09,615.5,598.5,595.5,623.5,627.5,943,889
2026-01-08,608.5,591.5,588.5,616.5,620.5,936,882
2026-01-07,607.5,590.5,587.5,615.5,619.5,935,881
2026-01-06,612,595,592,620,624,939.5,885.5
2026-01-05,610,593,590,618,622,937.5,883.5
2026-01-02,615,598,595,623,627,942.5,888.5
2026-01-01,618.5,601.5,598.5,626.5,630.5,946,892
2025-12-31,617.5,600.5,597.5,625.5,629.5,945,891
2025-12-30,612.5,595.5,592.5,620.5,624.5,940,886
2025-12-29,611,594,591,619,623,938.5,884.5
2025-12-26,620.5,603.5,600.5,628.5,632.5,948,894
2025-12-25,619.5,602.5,599.5,627.5,631.5,947,893
2025-12-24,619.5,602.5,599.5,627.5,631.5,947,893
2025-12-23,617.5,600.5,597.5,625.5,629.5,945,891
2025-12-22,611.5,594.5,591.5,619.5,623.5,939,885
2025-12-19,606,589,586,614,618,933.5,879.5
2025-12-18,607.5,590.5,587.5,615.5,619.5,935,881
2025-12-17,607.5,590.5,587.5,615.5,619.5,935,881
2025-12-16,609,592,589,617,621,936.5,882.5
2025-12-15,616.5,599.5,596.5,624.5,628.5,944,890
2025-12-12,615.5,598.5,595.5,623.5,627.5,943,889
2025-12-11,614,597,594,622,626,941.5,887.5
2025-12-10,618.5,601.5,598.5,626.5,630.5,946,892
2025-12-09,622,605,602,630,634,949.5,895.5
2025-12-08,626,609,606,634,638,953.5,899.5
2025-12-05,623.5,606.5,603.5,631.5,635.5,951,897
2025-12-04,621.5,604.5,601.5,629.5,633.5,949,895
2025-12-03,622.5,605.5,602.5,630.5,634.5,950,896
2025-12-02,626,609,606,634,638,953.5,899.5
2025-12-01,626.5,609.5,606.5,634.5,638.5,954,900
2025-11-28,622.5,605.5,602.5,630.5,634.5,950,896
2025-11-27,622.5,605.5,602.5,630.5,634.5,950,896
2025-11-26,620.5,603.5,600.5,628.5,632.5,948,894
2025-11-25,622.5,605.5,602.5,630.5,634.5,950,896
2025-11-24,627,610,607,635,639,954.5,900.5
2025-11-21,635,618,615,643,647,962.5,908.5
2025-11-20,644.5,627.5,624.5,652.5,656.5,972,918
2025-11-19,651,634,631,659,663,978.5,924.5
2025-11-18,650,633,630,658,662,977.5,923.5
2025-11-17,650.5,633.5,630.5,658.5,662.5,978,924
2025-11-14,646,629,626,654,658,973.5,919.5
2025-11-13,646.5,629.5,626.5,654.5,658.5,974,920
2025-11-12,651.5,634.5,631.5,659.5,663.5,979,925
2025-11-11,654.5,637.5,634.5,662.5,666.5,982,928
2025-11-10,653,636,633,661,665,980.5,926.5
2025-11-07,650,633,630,658,662,977.5,923.5
2025-11-06,652.5,635.5,632.5,660.5,664.5,980,926
2025-11-05,651.5,634.5,631.5,659.5,663.5,979,925
2025-11-04,653,636,633,661,665,980.5,926.5
2025-11-03,656.5,639.5,636.5,664.5,668.5,984,930
2025-10-31,649.5,632.5,629.5,657.5,661.5,977,923
2025-10-30,645,628,625,653,657,972.5,918.5
2025-10-29,642.5,625.5,622.5,650.5,654.5,970,916
2025-10-28,642.5,625.5,622.5,650.5,654.5,970,916
2025-10-27,645,628,625,653,657,972.5,918.5
2025-10-24,646,629,626,654,658,973.5,919.5
2025-10-23,640,623,620,648,652,967.5,913.5
2025-10-22,631.5,614.5,611.5,639.5,643.5,959,905
2025-10-21,628.5,611.5,608.5,636.5,640.5,956,902
2025-10-20,625,608,605,633,637,952.5,898.5
2025-10-17,628,611,608,636,640,955.5,901.5
2025-10-16,636,619,616,644,648,963.5,909.5
2025-10-15,634.5,617.5,614.5,642.5,646.5,962,908
2025-10-14,638,621,618,646,650,965.5,911.5
2025-10-13,644,627,624,652,656,971.5,917.5
2025-10-10,655,638,635,663,667,982.5,928.5
2025-10-09,663,646,643,671,675,990.5,936.5
2025-10-08,666,649,646,674,678,993.5,939.5
2025-10-07,667,650,647,675,679,994.5,940.5
2025-10-06,666,649,646,674,678,993.5,939.5
2025-10-03,662.5,645.5,642.5,670.5,674.5,990,936
2025-10-02,669.5,652.5,649.5,677.5,681.5,997,943
2025-10-01,675.5,658.5,655.5,683.5,687.5,1003,949
2025-09-30,673.5,656.5,653.5,681.5,685.5,1001,947
2025-09-29,680,663,660,688,692,1007.5,953.5
2025-09-26,682.5,665.5,662.5,690.5,694.5,1010,956
2025-09-25,677,660,657,685,689,1004.5,950.5
2025-09-24,672.5,655.5,652.5,680.5,684.5,1000,946
2025-09-23,669,652,649,677,681,996.5,942.5
2025-09-22,665,648,645,673,677,992.5,938.5
2025-09-19,670,653,650,678,682,997.5,943.5
2025-09-18,675.5,658.5,655.5,683.5,687.5,1003,949
2025-09-17,678,661,658,686,690,1005.5,951.5
2025-09-16,674,657,654,682,686,1001.5,947.5
2025-09-15,666.5,649.5,646.5,674.5,678.5,994,940
2025-09-12,662,645,642,670,674,989.5,935.5
2025-09-11,667,650,647,675,679,994.5,940.5
2025-09-10,672.5,655.5,652.5,680.5,684.5,1000,946
2025-09-09,673,656,653,681,685,1000.5,946.5
2025-09-08,671,654,651,679,683,998.5,944.5
2025-09-05,677.5,660.5,657.5,685.5,689.5,1005,951
2025-09-04,682.5,665.5,662.5,690.5,694.5,1010,956
2025-09-03,694,677,674,702,706,1021.5,967.5
2025-09-02,695.5,678.5,675.5,703.5,707.5,1023,969
2025-09-01,690,673,670,698,702,1017.5,963.5
2025-08-29,690,673,670,698,702,1017.5,963.5
2025-08-28,687.5,670.5,667.5,695.5,699.5,1015,961
2025-08-27,688,671,668,696,700,1015.5,961.5
2025-08-26,692.5,675.5,672.5,700.5,704.5,1020,966
2025-08-25,692,675,672,700,704,1019.5,965.5
2025-08-22,683.5,666.5,663.5,691.5,695.5,1011,957
2025-08-21,682.5,665.5,662.5,690.5,694.5,1010,956
2025-08-20,680,663,660,688,692,1007.5,953.5
2025-08-19,680.5,663.5,660.5,688.5,692.5,1008,954
2025-08-18,682.5,665.5,662.5,690.5,694.5,1010,956
2025-08-15,683,666,663,691,695,1010.5,956.5
2025-08-14,682.5,665.5,662.5,690.5,694.5,1010,956
2025-08-13,685,668,665,693,697,1012.5,958.5
2025-08-12,687.5,670.5,667.5,695.5,699.5,1015,961
2025-08-11,687.5,670.5,667.5,695.5,699.5,1015,961
2025-08-08,691,674,671,699,703,1018.5,964.5
2025-08-07,698,681,678,706,710,1025.5,971.5
2025-08-06,700,683,680,708,712,1027.5,973.5
2025-08-05,702.5,685.5,682.5,710.5,714.5,1030,976
2025-08-04,702.5,685.5,682.5,710.5,714.5,1030,976
2025-08-01,713,696,693,721,725,1040.5,986.5
2025-07-31,716,699,696,724,728,1043.5,989.5
2025-07-30,713.5,696.5,693.5,721.5,725.5,1041,987
2025-07-29,706.5,689.5,686.5,714.5,718.5,1034,980
2025-07-28,700.5,683.5,680.5,708.5,712.5,1028,974
2025-07-25,703,686,683,711,715,1030.5,976.5
2025-07-24,702,685,682,710,714,1029.5,975.5
2025-07-23,700,683,680,708,712,1027.5,973.5
2025-07-22,700.5,683.5,680.5,708.5,712.5,1028,974
2025-07-21,701.5,684.5,681.5,709.5,713.5,1029,975
2025-07-18,704.5,687.5,684.5,712.5,716.5,1032,978
2025-07-17,705,688,685,713,717,1032.5,978.5
2025-07-16,707,690,687,715,719,1034.5,980.5
2025-07-15,710.5,693.5,690.5,718.5,722.5,1038,984
2025-07-14,713,696,693,721,725,1040.5,986.5
2025-07-11,708,691,688,716,720,1035.5,981.5
2025-07-10,715.5,698.5,695.5,723.5,727.5,1043,989
2025-07-09,720.5,703.5,700.5,728.5,732.5,1048,994
2025-07-08,714,697,694,722,726,1041.5,987.5
2025-07-07,712.5,695.5,692.5,720.5,724.5,1040,986
2025-07-04,713.5,696.5,693.5,721.5,725.5,1041,987
2025-07-03,715,698,695,723,727,1042.5,988.5
2025-07-02,711,694,691,719,723,1038.5,984.5
2025-07-01,709.5,692.5,689.5,717.5,721.5,1037,983
2025-06-30,707.5,690.5,687.5,715.5,719.5,1035,981
2025-06-27,706.5,689.5,686.5,714.5,718.5,1034,980
2025-06-26,705,688,685,713,717,1032.5,978.5
2025-06-25,707,690,687,715,719,1034.5,980.5
2025-06-24,715,698,695,723,727,1042.5,988.5
2025-06-23,755.5,738.5,735.5,763.5,767.5,1083,1029
2025-06-20,755.5,738.5,735.5,763.5,767.5,1083,1029
2025-06-19,754,737,734,762,766,1081.5,1027.5
2025-06-18,753.5,736.5,733.5,761.5,765.5,1081,1027
2025-06-17,743.5,726.5,723.5,751.5,755.5,1071,1017
2025-06-16,739,722,719,747,751,1066.5,1012.5
2025-06-13,738,721,718,746,750,1065.5,1011.5
2025-06-12,708.5,691.5,688.5,716.5,720.5,1036,982
2025-06-11,701.5,684.5,681.5,709.5,713.5,1029,975
2025-06-10,697.5,680.5,677.5,705.5,709.5,1025,971
2025-06-09,697,680,677,705,709,1024.5,970.5
2025-06-06,695,678,675,703,707,1022.5,968.5
2025-06-05,697.5,680.5,677.5,705.5,709.5,1025,971
2025-06-04,696.5,679.5,676.5,704.5,708.5,1024,970
2025-06-03,691,674,671,699,703,1018.5,964.5
2025-06-02,690,673,670,698,702,1017.5,963.5
2025-05-30,687,670,667,695,699,1014.5,960.5
2025-05-29,691.5,674.5,671.5,699.5,703.5,1019,965
2025-05-28,695,678,675,703,707,1022.5,968.5
2025-05-27,696,679,676,704,708,1023.5,969.5
2025-05-26,698,681,678,706,710,1025.5,971.5
2025-05-23,696,679,676,704,708,1023.5,969.5
2025-05-22,707.5,690.5,687.5,715.5,719.5,1035,981
2025-05-21,714.5,697.5,694.5,722.5,726.5,1042,988
2025-05-20,706.5,689.5,686.5,714.5,718.5,1034,980
2025-05-19,708,691,688,716,720,1035.5,981.5
2025-05-16,708.5,691.5,688.5,716.5,720.5,1036,982
2025-05-15,715,698,695,723,727,1042.5,988.5
2025-05-14,717,700,697,725,729,1044.5,990.5
2025-05-13,701.5,684.5,681.5,709.5,713.5,1029,975
2025-05-12,699,682,679,707,711,1026.5,972.5
2025-05-09,696,679,676,704,708,1023.5,969.5
2025-05-08,689.5,672.5,669.5,697.5,701.5,1017,963
2025-05-07,686,669,666,694,698,1013.5,959.5
2025-05-06,680,663,660,688,692,1007.5,953.5
2025-05-05,674,657,654,682,686,1001.5,947.5
2025-05-02,676,659,656,684,688,1003.5,949.5
2025-05-01,678.5,661.5,658.5,686.5,690.5,1006,952
2025-04-30,678.5,661.5,658.5,686.5,690.5,1006,952
2025-04-29,687,670,667,695,699,1014.5,960.5
2025-04-28,694,677,674,702,706,1021.5,967.5
2025-04-25,689.5,672.5,669.5,697.5,701.5,1017,963
2025-04-24,687,670,667,695,699,1014.5,960.5
2025-04-23,691.5,674.5,671.5,699.5,703.5,1019,965
2025-04-22,685,668,665,693,697,1012.5,958.5
2025-04-21,680,663,660,688,692,1007.5,953.5
2025-04-18,686.5,669.5,666.5,694.5,698.5,1014,960
2025-04-17,682,665,662,690,694,1009.5,955.5
2025-04-16,679.5,662.5,659.5,687.5,691.5,1007,953
2025-04-15,679.5,662.5,659.5,687.5,691.5,1007,953
2025-04-14,680,663,660,688,692,1007.5,953.5
2025-04-11,671,654,651,679,683,998.5,944.5
2025-04-10,671,654,651,679,683,998.5,944.5
2025-04-09,661,644,641,669,673,988.5,934.5
2025-04-08,675.5,658.5,655.5,683.5,687.5,1003,949
2025-04-07,678.5,661.5,658.5,686.5,690.5,1006,952
2025-04-04,700.5,683.5,680.5,708.5,712.5,1028,974
2025-04-03,721.5,704.5,701.5,729.5,733.5,1049,995
2025-04-02,728,711,708,736,740,1055.5,1001.5
2025-04-01,723,706,703,731,735,1050.5,996.5
2025-03-31,716.5,699.5,696.5,724.5,728.5,1044,990
2025-03-28,717,700,697,725,729,1044.5,990.5
2025-03-27,714,697,694,722,726,1041.5,987.5
2025-03-26,709.5,692.5,689.5,717.5,721.5,1037,983
2025-03-25,707.5,690.5,687.5,715.5,719.5,1035,981
2025-03-24,704.5,687.5,684.5,712.5,716.5,1032,978
2025-03-21,704.5,687.5,684.5,712.5,716.5,1032,978
2025-03-20,701,684,681,709,713,1028.5,974.5
2025-03-19,700.5,683.5,680.5,708.5,712.5,1028,974
2025-03-18,703.5,686.5,683.5,711.5,715.5,1031,977
2025-03-17,698.5,681.5,678.5,706.5,710.5,1026,972
2025-03-14,696.5,679.5,676.5,704.5,708.5,1024,970
2025-03-13,699,682,679,707,711,1026.5,972.5
2025-03-12,696,679,676,704,708,1023.5,969.5
2025-03-11,692.5,675.5,672.5,700.5,704.5,1020,966
2025-03-10,692.5,675.5,672.5,700.5,704.5,1020,966
2025-03-07,690.5,673.5,670.5,698.5,702.5,1018,964
2025-03-06,692,675,672,700,704,1019.5,965.5
2025-03-05,698,681,678,706,710,1025.5,971.5
2025-03-04,701,684,681,709,713,1028.5,974.5
2025-03-03,715,698,695,723,727,1042.5,988.5
2025-02-28,718.5,701.5,698.5,726.5,730.5,1046,992
2025-02-27,716,699,696,724,728,1043.5,989.5
2025-02-26,727,710,707,735,739,1054.5,1000.5
2025-02-25,740,723,720,748,752,1067.5,1013.5
2025-02-24,743.5,726.5,723.5,751.5,755.5,1071,1017
2025-02-21,755,738,735,763,767,1082.5,1028.5
2025-02-20,758.5,741.5,738.5,766.5,770.5,1086,1032
2025-02-19,759.5,742.5,739.5,767.5,771.5,1087,1033
2025-02-18,755.5,738.5,735.5,763.5,767.5,1083,1029
2025-02-17,757.5,740.5,737.5,765.5,769.5,1085,1031
2025-02-14,761,744,741,769,773,1088.5,1034.5
2025-02-13,758.5,741.5,738.5,766.5,770.5,1086,1032
2025-02-12,769,752,749,777,781,1096.5,1042.5
2025-02-11,770,753,750,778,782,1097.5,1043.5
2025-02-10,762.5,745.5,742.5,770.5,774.5,1090,1036
2025-02-07,759.5,742.5,739.5,767.5,771.5,1087,1033
2025-02-06,760,743,740,768,772,1087.5,1033.5
2025-02-05,767,750,747,775,779,1094.5,1040.5
2025-02-04,765,748,745,773,777,1092.5,1038.5
2025-02-03,773.5,756.5,753.5,781.5,785.5,1101,1047
2025-01-31,773,756,753,781,785,1100.5,1046.5
2025-01-30,777.5,760.5,757.5,785.5,789.5,1105,1051
2025-01-29,778,761,758,786,790,1105.5,1051.5
2025-01-28,779,762,759,787,791,1106.5,1052.5
2025-01-27,783.5,766.5,763.5,791.5,795.5,1111,1057
2025-01-24,782,765,762,790,794,1109.5,1055.5
2025-01-23,781.5,764.5,761.5,789.5,793.5,1109,1055
2025-01-22,785.5,768.5,765.5,793.5,797.5,1113,1059
2025-01-21,795,778,775,803,807,1122.5,1068.5
2025-01-20,796.5,779.5,776.5,804.5,808.5,1124,1070
2025-01-17,798,781,778,806,810,1125.5,1071.5
2025-01-16,791,774,771,799,803,1118.5,1064.5
2025-01-15,782,765,762,790,794,1109.5,1055.5
2025-01-14,784,767,764,792,796,1111.5,1057.5
2025-01-13,784,767,764,792,796,1111.5,1057.5
2025-01-10,767.5,750.5,747.5,775.5,779.5,1095,1041
2025-01-09,760,743,740,768,772,1087.5,1033.5
2025-01-08,759.5,742.5,739.5,767.5,771.5,1087,1033
2025-01-07,752.5,735.5,732.5,760.5,764.5,1080,1026
2025-01-06,755,738,735,763,767,1082.5,1028.5
2025-01-03,750,733,730,758,762,1077.5,1023.5
2025-01-02,747,730,727,755,759,1074.5,1020.5
2024-12-30,742,725,722,750,754,987,942
2024-12-27,740,723,720,748,752,985,940
2024-12-26,745.5,728.5,725.5,753.5,757.5,990.5,945.5
2024-12-25,738.5,721.5,718.5,746.5,750.5,983.5,938.5
2024-12-24,738.5,721.5,718.5,746.5,750.5,983.5,938.5
2024-12-23,736,719,716,744,748,981,936
2024-12-20,733,716,713,741,745,978,933
2024-12-19,732.5,715.5,712.5,740.5,744.5,977.5,932.5
2024-12-18,735,718,715,743,747,980,935
2024-12-17,737,720,717,745,749,982,937
2024-12-16,734.5,717.5,714.5,742.5,746.5,979.5,934.5
2024-12-13,734,717,714,742,746,979,934
2024-12-12,733.5,716.5,713.5,741.5,745.5,978.5,933.5
2024-12-11,724,707,704,732,736,969,924
2024-12-10,720,703,700,728,732,965,920
2024-12-09,727.5,710.5,707.5,735.5,739.5,972.5,927.5
2024-12-06,732.5,715.5,712.5,740.5,744.5,977.5,932.5
2024-12-05,740.5,723.5,720.5,748.5,752.5,985.5,940.5
2024-12-04,744,727,724,752,756,989,944
2024-12-03,736,719,716,744,748,981,936
2024-12-02,734,717,714,742,746,979,934
2024-11-29,734.5,717.5,714.5,742.5,746.5,979.5,934.5
2024-11-28,734,717,714,742,746,979,934
2024-11-27,741,724,721,749,753,986,941
2024-11-26,750.5,733.5,730.5,758.5,762.5,995.5,950.5
2024-11-25,755,738,735,763,767,1000,955
2024-11-22,756,739,736,764,768,1001,956
2024-11-21,754.5,737.5,734.5,762.5,766.5,999.5,954.5
2024-11-20,754.5,737.5,734.5,762.5,766.5,999.5,954.5
2024-11-19,748,731,728,756,760,993,948
2024-11-18,744.5,727.5,724.5,752.5,756.5,989.5,944.5
2024-11-15,750.5,733.5,730.5,758.5,762.5,995.5,950.5
2024-11-14,756.5,739.5,736.5,764.5,768.5,1001.5,956.5
2024-11-13,756.5,739.5,736.5,764.5,768.5,1001.5,956.5
2024-11-12,758,741,738,766,770,1003,958
2024-11-11,767.5,750.5,747.5,775.5,779.5,1012.5,967.5
2024-11-08,774,757,754,782,786,1019,974
2024-11-07,781.5,764.5,761.5,789.5,793.5,1026.5,981.5
2024-11-06,782,765,762,790,794,1027,982
2024-11-05,783.5,766.5,763.5,791.5,795.5,1028.5,983.5
2024-11-04,781,764,761,789,793,1026,981
2024-11-01,775,758,755,783,787,1020,975
2024-10-31,771,754,751,779,783,1016,971
2024-10-30,767,750,747,775,779,1012,967
2024-10-29,759.5,742.5,739.5,767.5,771.5,1004.5,959.5
2024-10-28,769,752,749,777,781,1014,969
2024-10-25,793.5,776.5,773.5,801.5,805.5,1038.5,993.5
2024-10-24,796.5,779.5,776.5,804.5,808.5,1041.5,996.5
2024-10-23,786.5,769.5,766.5,794.5,798.5,1031.5,986.5
2024-10-22,775,758,755,783,787,1020,975
2024-10-21,774,757,754,782,786,1019,974
2024-10-18,777.5,760.5,757.5,785.5,789.5,1022.5,977.5
2024-10-17,774.5,757.5,754.5,782.5,786.5,1019.5,974.5
2024-10-16,776.5,759.5,756.5,784.5,788.5,1021.5,976.5
2024-10-15,779.5,762.5,759.5,787.5,791.5,1024.5,979.5
2024-10-14,799.5,782.5,779.5,807.5,811.5,1044.5,999.5
2024-10-11,805,788,785,813,817,1050,1005
2024-10-10,795,778,775,803,807,1040,995
2024-10-09,792,775,772,800,804,1037,992
2024-10-08,794.5,777.5,774.5,802.5,806.5,1039.5,994.5
2024-10-07,795,778,775,803,807,1040,995
2024-10-04,787.5,770.5,767.5,795.5,799.5,1032.5,987.5
2024-10-03,774,757,754,782,786,1019,974
2024-10-02,773,756,753,781,785,1018,973
2024-10-01,748.5,731.5,728.5,756.5,760.5,993.5,948.5
2024-09-30,768,751,748,776,780,1013,968
2024-09-27,764,747,744,772,776,1009,964
2024-09-26,776.5,759.5,756.5,784.5,788.5,1021.5,976.5
2024-09-25,791.5,774.5,771.5,799.5,803.5,1036.5,991.5
2024-09-24,795,778,775,803,807,1040,995
2024-09-23,789.5,772.5,769.5,797.5,801.5,1034.5,989.5
2024-09-20,782.5,765.5,762.5,790.5,794.5,1027.5,982.5
2024-09-19,776.5,759.5,756.5,784.5,788.5,1021.5,976.5
2024-09-18,766.5,749.5,746.5,774.5,778.5,1011.5,966.5
2024-09-17,772,755,752,780,784,1017,972
2024-09-16,763,746,743,771,775,1008,963
2024-09-13,766,749,746,774,778,1011,966
2024-09-12,764,747,744,772,776,1009,964
2024-09-11,767.5,750.5,747.5,775.5,779.5,1012.5,967.5
2024-09-10,777.5,760.5,757.5,785.5,789.5,1022.5,977.5
2024-09-09,789.5,772.5,769.5,797.5,801.5,1034.5,989.5
2024-09-06,812.5,795.5,792.5,820.5,824.5,1057.5,1012.5
2024-09-05,815.5,798.5,795.5,823.5,827.5,1060.5,1015.5
2024-09-04,809.5,792.5,789.5,817.5,821.5,1054.5,1009.5
2024-09-03,817.5,800.5,797.5,825.5,829.5,1062.5,1017.5
2024-09-02,812,795,792,820,824,1057,1012
2024-08-30,818.5,801.5,798.5,826.5,830.5,1063.5,1018.5
2024-08-29,813.5,796.5,793.5,821.5,825.5,1058.5,1013.5
2024-08-28,824.5,807.5,804.5,832.5,836.5,1069.5,1024.5
2024-08-27,829.5,812.5,809.5,837.5,841.5,1074.5,1029.5
2024-08-26,824,807,804,832,836,1069,1024
2024-08-23,807.5,790.5,787.5,815.5,819.5,1052.5,1007.5
2024-08-22,797,780,777,805,809,1042,997
2024-08-21,788.5,771.5,768.5,796.5,800.5,1033.5,988.5
2024-08-20,784.5,767.5,764.5,792.5,796.5,1029.5,984.5
2024-08-19,786.5,769.5,766.5,794.5,798.5,1031.5,986.5
2024-08-16,790,773,770,798,802,1035,990
2024-08-15,792,775,772,800,804,1037,992
2024-08-14,796,779,776,804,808,1041,996
2024-08-13,804.5,787.5,784.5,812.5,816.5,1049.5,1004.5
2024-08-12,787,770,767,795,799,1032,987
2024-08-09,780,763,760,788,792,1025,980
2024-08-08,779,762,759,787,791,1024,979
2024-08-07,773,756,753,781,785,1018,973
2024-08-06,770.5,753.5,750.5,778.5,782.5,1015.5,970.5
2024-08-05,779,762,759,787,791,1024,979
2024-08-02,802.5,785.5,782.5,810.5,814.5,1047.5,1002.5
2024-08-01,803.5,786.5,783.5,811.5,815.5,1048.5,1003.5
2024-07-31,796,779,776,804,808,1041,996
2024-07-30,798,781,778,806,810,1043,998
2024-07-29,804.5,787.5,784.5,812.5,816.5,1049.5,1004.5
2024-07-26,796,779,776,804,808,1041,996
2024-07-25,797.5,780.5,777.5,805.5,809.5,1042.5,997.5
2024-07-24,797.5,780.5,777.5,805.5,809.5,1042.5,997.5
2024-07-23,797.5,780.5,777.5,805.5,809.5,1042.5,997.5
2024-07-22,801,784,781,809,813,1046,1001
2024-07-19,809,792,789,817,821,1054,1009
2024-07-18,810,793,790,818,822,1055,1010
2024-07-17,803.5,786.5,783.5,811.5,815.5,1048.5,1003.5
2024-07-16,807.5,790.5,787.5,815.5,819.5,1052.5,1007.5
2024-07-15,812,795,792,820,824,1057,1012
2024-07-12,814.5,797.5,794.5,822.5,826.5,1059.5,1014.5
2024-07-11,812.5,795.5,792.5,820.5,824.5,1057.5,1012.5
2024-07-10,813,796,793,821,825,1058,1013
2024-07-09,819,802,799,827,831,1064,1019
2024-07-08,823.5,806.5,803.5,831.5,835.5,1068.5,1023.5
2024-07-05,827.5,810.5,807.5,835.5,839.5,1072.5,1027.5
2024-07-04,823,806,803,831,835,1068,1023
2024-07-03,825.5,808.5,805.5,833.5,837.5,1070.5,1025.5
2024-07-02,827,810,807,835,839,1072,1027
2024-07-01,813.5,796.5,793.5,821.5,825.5,1058.5,1013.5
2024-06-28,815.5,798.5,795.5,823.5,827.5,1060.5,1015.5
2024-06-27,812.5,795.5,792.5,820.5,824.5,1057.5,1012.5
2024-06-26,807,790,787,815,819,1052,1007
2024-06-25,808,791,788,816,820,1053,1008
2024-06-24,801,784,781,809,813,1046,1001
2024-06-21,800.5,783.5,780.5,808.5,812.5,1045.5,1000.5
2024-06-20,798.5,781.5,778.5,806.5,810.5,1043.5,998.5
2024-06-19,796.5,779.5,776.5,804.5,808.5,1041.5,996.5
2024-06-18,791,774,771,799,803,1036,991
2024-06-17,784.5,767.5,764.5,792.5,796.5,1029.5,984.5
2024-06-14,782.5,765.5,762.5,790.5,794.5,1027.5,982.5
2024-06-13,783,766,763,791,795,1028,983
2024-06-12,780,763,760,788,792,1025,980
2024-06-11,771,754,751,779,783,1016,971
2024-06-10,766,749,746,774,778,1011,966
2024-06-07,766,749,746,774,778,1011,966
2024-06-06,762.5,745.5,742.5,770.5,774.5,1007.5,962.5
2024-06-05,762,745,742,770,774,1007,962
2024-06-04,770.5,753.5,750.5,778.5,782.5,1015.5,970.5
2024-06-03,782,765,762,790,794,1027,982
2024-05-31,784,767,764,792,796,1029,984
2024-05-30,794.5,777.5,774.5,802.5,806.5,1039.5,994.5
2024-05-29,798,781,778,806,810,1043,998
2024-05-28,785.5,768.5,765.5,793.5,797.5,1030.5,985.5
2024-05-27,784,767,764,792,796,1029,984
2024-05-24,787,770,767,795,799,1032,987
2024-05-23,788.5,771.5,768.5,796.5,800.5,1033.5,988.5
2024-05-22,800,783,780,808,812,1045,1000
2024-05-21,806.5,789.5,786.5,814.5,818.5,1051.5,1006.5
2024-05-20,811,794,791,819,823,1056,1011
2024-05-17,809.5,792.5,789.5,817.5,821.5,1054.5,1009.5
2024-05-16,808.5,791.5,788.5,816.5,820.5,1053.5,1008.5
2024-05-15,808.5,791.5,788.5,816.5,820.5,1053.5,1008.5
2024-05-14,809.5,792.5,789.5,817.5,821.5,1054.5,1009.5
2024-05-13,812.5,795.5,792.5,820.5,824.5,1057.5,1012.5
2024-05-10,820.5,803.5,800.5,828.5,832.5,1065.5,1020.5
2024-05-09,815,798,795,823,827,1060,1015
2024-05-08,806,789,786,814,818,1051,1006
2024-05-07,813,796,793,821,825,1058,1013
2024-05-06,812,795,792,820,824,1057,1012
2024-05-03,810,793,790,818,822,1055,1010
2024-05-02,819,802,799,827,831,1064,1019
2024-05-01,829.5,812.5,809.5,837.5,841.5,1074.5,1029.5
2024-04-30,830.5,813.5,810.5,838.5,842.5,1075.5,1030.5
2024-04-29,834,817,814,842,846,1079,1034
2024-04-26,834,817,814,842,846,1079,1034
2024-04-25,834.5,817.5,814.5,842.5,846.5,1079.5,1034.5
2024-04-24,832.5,815.5,812.5,840.5,844.5,1077.5,1032.5
2024-04-23,831.5,814.5,811.5,839.5,843.5,1076.5,1031.5
2024-04-22,826,809,806,834,838,1071,1026
2024-04-19,830,813,810,838,842,1075,1030
2024-04-18,832,815,812,840,844,1077,1032
2024-04-17,840.5,823.5,820.5,848.5,852.5,1085.5,1040.5
2024-04-16,838.5,821.5,818.5,846.5,850.5,1083.5,1038.5
2024-04-15,833,816,813,841,845,1078,1033
2024-04-12,831,814,811,839,843,1076,1031
2024-04-11,835.5,818.5,815.5,843.5,847.5,1080.5,1035.5
2024-04-10,841,824,821,849,853,1086,1041
2024-04-09,837.5,820.5,817.5,845.5,849.5,1082.5,1037.5
2024-04-08,835.5,818.5,815.5,843.5,847.5,1080.5,1035.5
2024-04-05,838,821,818,846,850,1083,1038
2024-04-04,834.5,817.5,814.5,842.5,846.5,1079.5,1034.5
2024-04-03,837.5,820.5,817.5,845.5,849.5,1082.5,1037.5
2024-04-02,830,813,810,838,842,1075,1030
2024-04-01,830.5,813.5,810.5,838.5,842.5,1075.5,1030.5
2024-03-29,832.5,815.5,812.5,840.5,844.5,1077.5,1032.5
2024-03-28,822.5,805.5,802.5,830.5,834.5,1067.5,1022.5
2024-03-27,825.5,808.5,805.5,833.5,837.5,1070.5,1025.5
2024-03-26,831,814,811,839,843,1076,1031
2024-03-25,832,815,812,840,844,1077,1032
2024-03-22,827,810,807,835,839,1072,1027
2024-03-21,829,812,809,837,841,1074,1029
2024-03-20,833.5,816.5,813.5,841.5,845.5,1078.5,1033.5
2024-03-19,833,816,813,841,845,1078,1033
2024-03-18,835.5,818.5,815.5,843.5,847.5,1080.5,1035.5
2024-03-15,830,813,810,838,842,1075,1030
2024-03-14,823.5,806.5,803.5,831.5,835.5,1068.5,1023.5
2024-03-13,818,801,798,826,830,1063,1018
2024-03-12,823.5,806.5,803.5,831.5,835.5,1068.5,1023.5
2024-03-11,817.5,800.5,797.5,825.5,829.5,1062.5,1017.5
2024-03-08,823,806,803,831,835,1068,1023
2024-03-07,824.5,807.5,804.5,832.5,836.5,1069.5,1024.5
2024-03-06,825,808,805,833,837,1070,1025
2024-03-05,831.5,814.5,811.5,839.5,843.5,1076.5,1031.5
2024-03-04,831,814,811,839,843,1076,1031
2024-03-01,826,809,806,834,838,1071,1026
2024-02-29,824.5,807.5,804.5,832.5,836.5,1069.5,1024.5
2024-02-28,825.5,808.5,805.5,833.5,837.5,1070.5,1025.5
2024-02-27,814.5,797.5,794.5,822.5,826.5,1059.5,1014.5
2024-02-26,817,800,797,825,829,1062,1017
2024-02-23,827.5,810.5,807.5,835.5,839.5,1072.5,1027.5
2024-02-22,825.5,808.5,805.5,833.5,837.5,1070.5,1025.5
2024-02-21,825.5,808.5,805.5,833.5,837.5,1070.5,1025.5
2024-02-20,829,812,809,837,841,1074,1029
2024-02-19,831,814,811,839,843,1076,1031
2024-02-16,837.5,820.5,817.5,845.5,849.5,1082.5,1037.5
2024-02-15,827,810,807,835,839,1072,1027
2024-02-14,838,821,818,846,850,1083,1038
2024-02-13,837,820,817,845,849,1082,1037
2024-02-12,827,810,807,835,839,1072,1027
2024-02-09,826,809,806,834,838,1071,1026
2024-02-08,818.5,801.5,798.5,826.5,830.5,1063.5,1018.5
2024-02-07,813,796,793,821,825,1058,1013
2024-02-06,809.5,792.5,789.5,817.5,821.5,1054.5,1009.5
2024-02-05,817.5,800.5,797.5,825.5,829.5,1062.5,1017.5
2024-02-02,827,810,807,835,839,1072,1027
2024-02-01,828,811,808,836,840,1073,1028
2024-01-31,846.5,829.5,826.5,854.5,858.5,1091.5,1046.5
2024-01-30,852.5,835.5,832.5,860.5,864.5,1097.5,1052.5
2024-01-29,847.5,830.5,827.5,855.5,859.5,1092.5,1047.5
2024-01-26,840,823,820,848,852,1085,1040
2024-01-25,815.5,798.5,795.5,823.5,827.5,1060.5,1015.5
2024-01-24,810.5,793.5,790.5,818.5,822.5,1055.5,1010.5
2024-01-23,803.5,786.5,783.5,811.5,815.5,1048.5,1003.5
2024-01-22,806,789,786,814,818,1051,1006
2024-01-19,801.5,784.5,781.5,809.5,813.5,1046.5,1001.5
2024-01-18,794,777,774,802,806,1039,994
2024-01-17,784.5,767.5,764.5,792.5,796.5,1029.5,984.5
2024-01-16,777.5,760.5,757.5,785.5,789.5,1022.5,977.5
2024-01-15,782,765,762,790,794,1027,982
2024-01-12,782,765,762,790,794,1027,982
2024-01-11,774,757,754,782,786,1019,974
2024-01-10,777.5,760.5,757.5,785.5,789.5,1022.5,977.5
2024-01-09,774,757,754,782,786,1019,974
2024-01-08,781.5,764.5,761.5,789.5,793.5,1026.5,981.5
2024-01-05,791.5,774.5,771.5,799.5,803.5,1036.5,991.5
2024-01-04,791,774,771,799,803,1036,991
2024-01-03,784.5,767.5,764.5,792.5,796.5,1029.5,984.5
2024-01-02,794,777,774,802,806,1039,994
2024-01-01,803.5,786.5,783.5,811.5,815.5,1048.5,1003.5
2023-12-29,823.5,807.5,803.5,843.5,848.5,1048.5,1003.5
2023-12-28,820,804,800,840,845,1045,1000
2023-12-27,824.5,808.5,804.5,844.5,849.5,1049.5,1004.5
2023-12-26,818.5,802.5,798.5,838.5,843.5,1043.5,998.5
2023-12-25,818.5,802.5,798.5,838.5,843.5,1043.5,998.5
2023-12-22,818.5,802.5,798.5,838.5,843.5,1043.5,998.5
2023-12-21,819,803,799,839,844,1044,999
2023-12-20,819,803,799,839,844,1044,999
2023-12-19,815,799,795,835,840,1040,995
2023-12-18,804,788,784,824,829,1029,984
2023-12-15,800.5,784.5,780.5,820.5,825.5,1025.5,980.5
2023-12-14,786.5,770.5,766.5,806.5,811.5,1011.5,966.5
2023-12-13,787.5,771.5,767.5,807.5,812.5,1012.5,967.5
2023-12-12,805,789,785,825,830,1030,985
2023-12-11,808,792,788,828,833,1033,988
2023-12-08,794,778,774,814,819,1019,974
2023-12-07,809,793,789,829,834,1034,989
2023-12-06,830.5,814.5,810.5,850.5,855.5,1055.5,1010.5
2023-12-05,836.5,820.5,816.5,856.5,861.5,1061.5,1016.5
2023-12-04,848.5,832.5,828.5,868.5,873.5,1073.5,1028.5
2023-12-01,875.5,859.5,855.5,895.5,900.5,1100.5,1055.5
2023-11-30,871.5,855.5,851.5,891.5,896.5,1096.5,1051.5
2023-11-29,863,847,843,883,888,1088,1043
2023-11-28,856.5,840.5,836.5,876.5,881.5,1081.5,1036.5
2023-11-27,868.5,852.5,848.5,888.5,893.5,1093.5,1048.5
2023-11-24,903,887,883,923,928,1128,1083
2023-11-23,913,897,893,933,938,1138,1093
2023-11-22,920.5,904.5,900.5,940.5,945.5,1145.5,1100.5
2023-11-21,922,906,902,942,947,1147,1102
2023-11-20,911,895,891,931,936,1136,1091
2023-11-17,883,867,863,903,908,1108,1063
2023-11-16,888,872,868,908,913,1113,1068
2023-11-15,897.5,881.5,877.5,917.5,922.5,1122.5,1077.5
2023-11-14,899,883,879,919,924,1124,1079
2023-11-13,887,871,867,907,912,1112,1067
2023-11-10,884,868,864,904,909,1109,1064
2023-11-09,871.5,855.5,851.5,891.5,896.5,1096.5,1051.5
2023-11-08,882.5,866.5,862.5,902.5,907.5,1107.5,1062.5
2023-11-07,887.5,871.5,867.5,907.5,912.5,1112.5,1067.5
2023-11-06,895.5,879.5,875.5,915.5,920.5,1120.5,1075.5
2023-11-03,899,883,879,919,924,1124,1079
2023-11-02,892,876,872,912,917,1117,1072
2023-11-01,905,889,885,925,930,1130,1085
2023-10-31,882,866,862,902,907,1107,1062
2023-10-30,877,861,857,897,902,1102,1057
2023-10-27,873,857,853,893,898,1098,1053
2023-10-26,872,856,852,892,897,1097,1052
2023-10-25,866,850,846,886,891,1091,1046
2023-10-24,871.5,855.5,851.5,891.5,896.5,1096.5,1051.5
2023-10-23,886.5,870.5,866.5,906.5,911.5,1111.5,1066.5
2023-10-20,891,875,871,911,916,1116,1071
2023-10-19,885.5,869.5,865.5,905.5,910.5,1110.5,1065.5
2023-10-18,888.5,872.5,868.5,908.5,913.5,1113.5,1068.5
2023-10-17,877.5,861.5,857.5,897.5,902.5,1102.5,1057.5
2023-10-16,885.5,869.5,865.5,905.5,910.5,1110.5,1065.5
2023-10-13,868.5,852.5,848.5,888.5,893.5,1093.5,1048.5
2023-10-12,865,849,845,885,890,1090,1045
2023-10-11,860,844,840,880,885,1085,1040
2023-10-10,855,839,835,875,880,1080,1035
2023-10-09,860,844,840,880,885,1085,1040
2023-10-06,839.5,823.5,819.5,859.5,864.5,1064.5,1019.5
2023-10-05,837,821,817,857,862,1062,1017
2023-10-04,877,861,857,897,902,1102,1057
2023-10-03,882.5,866.5,862.5,902.5,907.5,1107.5,1062.5
2023-10-02,889,873,869,909,914,1114,1069
2023-09-29,887.5,871.5,867.5,907.5,912.5,1112.5,1067.5
2023-09-28,889,873,869,909,914,1114,1069
2023-09-27,885,869,865,905,910,1110,1065
2023-09-26,871,855,851,891,896,1096,1051
2023-09-25,871,855,851,891,896,1096,1051
2023-09-22,872.5,856.5,852.5,892.5,897.5,1097.5,1052.5
2023-09-21,870,854,850,890,895,1095,1050
2023-09-20,877,861,857,897,902,1102,1057
2023-09-19,879,863,859,899,904,1104,1059
2023-09-18,883,867,863,903,908,1108,1063
2023-09-15,881,865,861,901,906,1106,1061
2023-09-14,875.5,859.5,855.5,895.5,900.5,1100.5,1055.5
2023-09-13,867,851,847,887,892,1092,1047
2023-09-12,858,842,838,878,883,1083,1038
2023-09-11,858.5,842.5,838.5,878.5,883.5,1083.5,1038.5
2023-09-08,860.5,844.5,840.5,880.5,885.5,1085.5,1040.5
2023-09-07,860.5,844.5,840.5,880.5,885.5,1085.5,1040.5
2023-09-06,850.5,834.5,830.5,870.5,875.5,1075.5,1030.5
2023-09-05,847,831,827,867,872,1072,1027
2023-09-04,846.5,830.5,826.5,866.5,871.5,1071.5,1026.5
2023-09-01,846.5,830.5,826.5,866.5,871.5,1071.5,1026.5
2023-08-31,842,826,822,862,867,1067,1022
2023-08-30,845,829,825,865,870,1070,1025
2023-08-29,847,831,827,867,872,1072,1027
2023-08-28,848,832,828,868,873,1073,1028
2023-08-25,841.5,825.5,821.5,861.5,866.5,1066.5,1021.5
2023-08-24,834,818,814,854,859,1059,1014
2023-08-23,834.5,818.5,814.5,854.5,859.5,1059.5,1014.5
2023-08-22,840.5,824.5,820.5,860.5,865.5,1065.5,1020.5
2023-08-21,852,836,832,872,877,1077,1032
2023-08-18,846.5,830.5,826.5,866.5,871.5,1071.5,1026.5
2023-08-17,845,829,825,865,870,1070,1025
2023-08-16,852.5,836.5,832.5,872.5,877.5,1077.5,1032.5
2023-08-15,856,840,836,876,881,1081,1036
2023-08-14,855.5,839.5,835.5,875.5,880.5,1080.5,1035.5
2023-08-11,858,842,838,878,883,1083,1038
2023-08-10,868,852,848,888,893,1093,1048
2023-08-09,845,829,825,865,870,1070,1025
2023-08-08,842,826,822,862,867,1067,1022
2023-08-07,848.5,832.5,828.5,868.5,873.5,1073.5,1028.5
2023-08-04,844,828,824,864,869,1069,1024
2023-08-03,836.5,820.5,816.5,856.5,861.5,1061.5,1016.5
2023-08-02,843.5,827.5,823.5,863.5,868.5,1068.5,1023.5
2023-08-01,833,817,813,853,858,1058,1013
2023-07-31,824.5,808.5,804.5,844.5,849.5,1049.5,1004.5
2023-07-28,818.5,802.5,798.5,838.5,843.5,1043.5,998.5
2023-07-27,813,797,793,833,838,1038,993
2023-07-26,803.5,787.5,783.5,823.5,828.5,1028.5,983.5
2023-07-25,797,781,777,817,822,1022,977
2023-07-24,788.5,772.5,768.5,808.5,813.5,1013.5,968.5
2023-07-21,778.5,762.5,758.5,798.5,803.5,1003.5,958.5
2023-07-20,774,758,754,794,799,999,954
2023-07-19,774,758,754,794,799,999,954
2023-07-18,769.5,753.5,749.5,789.5,794.5,994.5,949.5
2023-07-17,779,763,759,799,804,1004,959
2023-07-14,786.5,770.5,766.5,806.5,811.5,1011.5,966.5
2023-07-13,782,766,762,802,807,1007,962
2023-07-12,784.5,768.5,764.5,804.5,809.5,1009.5,964.5
2023-07-11,780.5,764.5,760.5,800.5,805.5,1005.5,960.5
2023-07-10,792.5,776.5,772.5,812.5,817.5,1017.5,972.5
2023-07-07,791.5,775.5,771.5,811.5,816.5,1016.5,971.5
2023-07-06,787,771,767,807,812,1012,967
2023-07-05,790.5,774.5,770.5,810.5,815.5,1015.5,970.5
2023-07-04,796,780,776,816,821,1021,976
2023-07-03,800,784,780,820,825,1025,980
2023-06-30,799,783,779,819,824,1024,979
2023-06-29,792,776,772,812,817,1017,972
2023-06-28,790,774,770,810,815,1015,970
2023-06-27,799.5,783.5,779.5,819.5,824.5,1024.5,979.5
2023-06-26,802,786,782,822,827,1027,982
2023-06-23,807.5,791.5,787.5,827.5,832.5,1032.5,987.5
2023-06-22,817.5,801.5,797.5,837.5,842.5,1042.5,997.5
2023-06-21,817,801,797,837,842,1042,997
2023-06-20,831,815,811,851,856,1056,1011
2023-06-19,821.5,805.5,801.5,841.5,846.5,1046.5,1001.5
2023-06-16,807,791,787,827,832,1032,987
2023-06-15,795,779,775,815,820,1020,975
2023-06-14,789,773,769,809,814,1014,969
2023-06-13,775,759,755,795,800,1000,955
2023-06-12,777,761,757,797,802,1002,957
2023-06-09,790.5,774.5,770.5,810.5,815.5,1015.5,970.5
2023-06-08,793.5,777.5,773.5,813.5,818.5,1018.5,973.5
2023-06-07,787.5,771.5,767.5,807.5,812.5,1012.5,967.5
2023-06-06,777,761,757,797,802,1002,957
2023-06-05,790.5,774.5,770.5,810.5,815.5,1015.5,970.5
2023-06-02,766.5,750.5,746.5,786.5,791.5,991.5,946.5
2023-06-01,763,747,743,783,788,988,943
2023-05-31,766.5,750.5,746.5,786.5,791.5,991.5,946.5
2023-05-30,783,767,763,803,808,1008,963
2023-05-29,783,767,763,803,808,1008,963
2023-05-26,784.5,768.5,764.5,804.5,809.5,1009.5,964.5
2023-05-25,787,771,767,807,812,1012,967
2023-05-24,788.5,772.5,768.5,808.5,813.5,1013.5,968.5
2023-05-23,783.5,767.5,763.5,803.5,808.5,1008.5,963.5
2023-05-22,784,768,764,804,809,1009,964
2023-05-19,792,776,772,812,817,1017,972
2023-05-18,789.5,773.5,769.5,809.5,814.5,1014.5,969.5
2023-05-17,773,757,753,793,798,998,953
2023-05-16,770,754,750,790,795,995,950
2023-05-15,760,744,740,780,785,985,940
2023-05-12,774,758,754,794,799,999,954
2023-05-11,776.5,760.5,756.5,796.5,801.5,1001.5,956.5
2023-05-10,776,760,756,796,801,1001,956
2023-05-09,776.5,760.5,756.5,796.5,801.5,1001.5,956.5
2023-05-08,774.5,758.5,754.5,794.5,799.5,999.5,954.5
2023-05-05,766.5,750.5,746.5,786.5,791.5,991.5,946.5
2023-05-04,768.5,752.5,748.5,788.5,793.5,993.5,948.5
2023-05-03,782,766,762,802,807,1007,962
2023-05-02,798,782,778,818,823,1023,978
2023-05-01,783.5,767.5,763.5,803.5,808.5,1008.5,963.5
2023-04-28,788,772,768,808,813,1013,968
2023-04-27,785.5,769.5,765.5,805.5,810.5,1010.5,965.5
2023-04-26,805,789,785,825,830,1030,985
2023-04-25,810.5,794.5,790.5,830.5,835.5,1035.5,990.5
2023-04-24,799.5,783.5,779.5,819.5,824.5,1024.5,979.5
2023-04-21,797,781,777,817,822,1022,977
2023-04-20,803,787,783,823,828,1028,983
2023-04-19,821.5,805.5,801.5,841.5,846.5,1046.5,1001.5
2023-04-18,821.5,805.5,801.5,841.5,846.5,1046.5,1001.5
2023-04-17,832,816,812,852,857,1057,1012
2023-04-14,829.5,813.5,809.5,849.5,854.5,1054.5,1009.5
2023-04-13,830,814,810,850,855,1055,1010
2023-04-12,826,810,806,846,851,1051,1006
2023-04-11,822.5,806.5,802.5,842.5,847.5,1047.5,1002.5
2023-04-10,815.5,799.5,795.5,835.5,840.5,1040.5,995.5
2023-04-07,815.5,799.5,795.5,835.5,840.5,1040.5,995.5
2023-04-06,812.5,796.5,792.5,832.5,837.5,1037.5,992.5
2023-04-05,811,795,791,831,836,1036,991
2023-04-04,811,795,791,831,836,1036,991
2023-04-03,808.5,792.5,788.5,828.5,833.5,1033.5,988.5
2023-03-31,783,767,763,803,808,1008,963
2023-03-30,782,766,762,802,807,1007,962
2023-03-29,784,768,764,804,809,1009,964
2023-03-28,776.5,760.5,756.5,796.5,801.5,1001.5,956.5
2023-03-27,768,752,748,788,793,993,948
2023-03-24,769.5,753.5,749.5,789.5,794.5,994.5,949.5
2023-03-23,770,754,750,790,795,995,950
2023-03-22,771,755,751,791,796,996,951
2023-03-21,750,734,730,770,775,975,930
2023-03-20,748.5,732.5,728.5,768.5,773.5,973.5,928.5
2023-03-17,768,752,748,788,793,993,948
2023-03-16,765.5,749.5,745.5,785.5,790.5,990.5,945.5
2023-03-15,782,766,762,802,807,1007,962
2023-03-14,793.5,777.5,773.5,813.5,818.5,1018.5,973.5
2023-03-13,801.5,785.5,781.5,821.5,826.5,1026.5,981.5
2023-03-10,798,782,778,818,823,1023,978
2023-03-09,807,791,787,827,832,1032,987
2023-03-08,816,800,796,836,841,1041,996
2023-03-07,827,811,807,847,852,1052,1007
2023-03-06,817,801,797,837,842,1042,997
2023-03-03,811,795,791,831,836,1036,991
2023-03-02,819,803,799,839,844,1044,999
2023-03-01,812.5,796.5,792.5,832.5,837.5,1037.5,992.5
2023-02-28,797.5,781.5,777.5,817.5,822.5,1022.5,977.5
2023-02-27,811.5,795.5,791.5,831.5,836.5,1036.5,991.5
2023-02-24,803,787,783,823,828,1028,983
2023-02-23,793.5,777.5,773.5,813.5,818.5,1018.5,973.5
2023-02-22,809.5,793.5,789.5,829.5,834.5,1034.5,989.5
2023-02-21,824.5,808.5,804.5,844.5,849.5,1049.5,1004.5
2023-02-20,827,811,807,847,852,1052,1007
2023-02-17,835.5,819.5,815.5,855.5,860.5,1060.5,1015.5
2023-02-16,858,842,838,878,883,1083,1038
2023-02-15,859,843,839,879,884,1084,1039
2023-02-14,872,856,852,892,897,1097,1052
2023-02-13,876,860,856,896,901,1101,1056
2023-02-10,871,855,851,891,896,1096,1051
2023-02-09,874,858,854,894,899,1099,1054
2023-02-08,867.5,851.5,847.5,887.5,892.5,1092.5,1047.5
2023-02-07,853.5,837.5,833.5,873.5,878.5,1078.5,1033.5
2023-02-06,856,840,836,876,881,1081,1036
2023-02-03,869,853,849,889,894,1094,1049
2023-02-02,895.5,879.5,875.5,915.5,920.5,1120.5,1075.5
2023-02-01,905,889,885,925,930,1130,1085
2023-01-31,885.5,869.5,865.5,905.5,910.5,1110.5,1065.5
2023-01-30,896,880,876,916,921,1121,1076
2023-01-27,914,898,894,934,939,1139,1094
2023-01-26,906,890,886,926,931,1131,1086
2023-01-25,906.5,890.5,886.5,926.5,931.5,1131.5,1086.5
2023-01-24,904.5,888.5,884.5,924.5,929.5,1129.5,1084.5
2023-01-23,900,884,880,920,925,1125,1080
2023-01-20,890,874,870,910,915,1115,1070
2023-01-19,872,856,852,892,897,1097,1052
2023-01-18,867,851,847,887,892,1092,1047
2023-01-17,853,837,833,873,878,1078,1033
2023-01-16,843.5,827.5,823.5,863.5,868.5,1068.5,1023.5
2023-01-13,835,819,815,855,860,1060,1015
2023-01-12,814,798,794,834,839,1039,994
2023-01-11,796,780,776,816,821,1021,976
2023-01-10,794.5,778.5,774.5,814.5,819.5,1019.5,974.5
2023-01-09,798,782,778,818,823,1023,978
2023-01-06,791.5,775.5,771.5,811.5,816.5,1016.5,971.5
2023-01-05,796,780,776,816,821,1021,976
2023-01-04,798,782,778,818,823,1023,978
2023-01-03,825.5,809.5,805.5,845.5,850.5,1050.5,1005.5
2023-01-02,826.5,810.5,806.5,846.5,851.5,1051.5,1006.5
2022-12-30,,810.5,806.5,846.5,851.5,,
2022-12-29,,832.5,828.5,868.5,873.5,,
2022-12-28,,812.5,808.5,848.5,853.5,,
2022-12-27,,813,809,849,854,,
2022-12-26,,806,802,842,847,,
2022-12-23,,806,802,842,847,,
2022-12-22,,803.5,799.5,839.5,844.5,,
2022-12-21,,796,792,832,837,,
2022-12-20,,794.5,790.5,830.5,835.5,,
2022-12-19,,795.5,791.5,831.5,836.5,,
2022-12-16,,791,787,827,832,,
2022-12-15,,792,788,828,833,,
2022-12-14,,786.5,782.5,822.5,827.5,,
2022-12-13,,776,772,812,817,,
2022-12-12,,773.5,769.5,809.5,814.5,,
2022-12-09,,796.5,792.5,832.5,837.5,,
2022-12-08,,799.5,795.5,835.5,840.5,,
2022-12-07,,811.5,807.5,847.5,852.5,,
2022-12-06,,838.5,834.5,874.5,879.5,,
2022-12-05,,855.5,851.5,891.5,896.5,,
2022-12-02,,856,852,892,897,,
2022-12-01,,859,855,895,900,,
2022-11-30,,851,847,887,892,,
2022-11-29,,845,841,881,886,,
2022-11-28,,837,833,873,878,,
2022-11-25,,860.5,856.5,896.5,901.5,,
2022-11-24,,866.5,862.5,902.5,907.5,,
2022-11-23,,867.5,863.5,903.5,908.5,,
2022-11-22,,848,844,884,889,,
2022-11-21,,836,832,872,877,,
2022-11-18,,838,834,874,879,,
2022-11-17,,856.5,852.5,892.5,897.5,,
2022-11-16,,873.5,869.5,909.5,914.5,,
2022-11-15,,865,861,901,906,,
2022-11-14,,886,882,922,927,,
2022-11-11,,890,886,926,931,,
2022-11-10,,872,868,908,913,,
2022-11-09,,886.5,882.5,922.5,927.5,,
2022-11-08,,894,890,930,935,,
2022-11-07,,894,890,930,935,,
2022-11-04,,889,885,925,930,,
2022-11-03,,882,878,918,923,,
2022-11-02,,888,884,924,929,,
2022-11-01,,904.5,900.5,940.5,945.5,,
2022-10-31,,894.5,890.5,930.5,935.5,,
2022-10-28,,909.5,905.5,945.5,950.5,,
2022-10-27,,907.5,903.5,943.5,948.5,,
2022-10-26,,893.5,889.5,929.5,934.5,,
2022-10-25,,905.5,901.5,941.5,946.5,,
2022-10-24,,902.5,898.5,938.5,943.5,,
2022-10-21,,907.5,903.5,943.5,948.5,,
2022-10-20,,909.5,905.5,945.5,950.5,,
2022-10-19,,901,897,937,942,,
2022-10-18,,913,909,949,954,,
2022-10-17,,915.5,911.5,951.5,956.5,,
2022-10-14,,927.5,923.5,963.5,968.5,,
2022-10-13,,924.5,920.5,960.5,965.5,,
2022-10-12,,936,932,972,977,,
2022-10-11,,948,944,984,989,,
2022-10-10,,961.5,957.5,997.5,1002.5,,
2022-10-07,,953,949,989,994,,
2022-10-06,,927.5,923.5,963.5,968.5,,
2022-10-05,,905,901,941,946,,
2022-10-04,,887.5,883.5,923.5,928.5,,
2022-10-03,,882.5,878.5,918.5,923.5,,
2022-09-30,,885,881,921,926,,
2022-09-29,,879,875,915,920,,
2022-09-28,,860,856,896,901,,
2022-09-27,,854,850,890,895,,
2022-09-26,,861,857,897,902,,
2022-09-23,,879,875,915,920,,
2022-09-22,,897.5,893.5,933.5,938.5,,
2022-09-21,,897,893,933,938,,
2022-09-20,,888,884,924,929,,
2022-09-19,,872,868,908,913,,
2022-09-16,,875.5,871.5,911.5,916.5,,
2022-09-15,,885,881,921,926,,
2022-09-14,,888.5,884.5,924.5,929.5,,
2022-09-13,,895.5,891.5,931.5,936.5,,
2022-09-12,,879,875,915,920,,
2022-09-09,,859.5,855.5,895.5,900.5,,
2022-09-08,,851,847,887,892,,
2022-09-07,,881.5,877.5,917.5,922.5,,
2022-09-06,,898,894,934,939,,
2022-09-05,,902,898,938,943,,
2022-09-02,,888,884,924,929,,
2022-09-01,,899,895,935,940,,
2022-08-31,,931,927,967,972,,
2022-08-30,,971,967,1007,1012,,
2022-08-29,,966.5,962.5,1002.5,1007.5,,
2022-08-26,,980,976,1016,1021,,
2022-08-25,,984,980,1020,1025,,
2022-08-24,,973.5,969.5,1009.5,1014.5,,
2022-08-23,,952.5,948.5,988.5,993.5,,
2022-08-22,,950.5,946.5,986.5,991.5,,
2022-08-19,,952.5,948.5,988.5,993.5,,
2022-08-18,,937.5,933.5,973.5,978.5,,
2022-08-17,,925,921,961,966,,
2022-08-16,,935,931,971,976,,
2022-08-15,,956.5,952.5,992.5,997.5,,
2022-08-12,,986,982,1022,1027,,
2022-08-11,,960,956,996,1001,,
2022-08-10,,934.5,930.5,970.5,975.5,,
2022-08-09,,932.5,928.5,968.5,973.5,,
2022-08-08,,929.5,925.5,965.5,970.5,,
2022-08-05,,931.5,927.5,967.5,972.5,,
2022-08-04,,975,971,1011,1016,,
2022-08-03,,999,995,1035,1040,,
2022-08-02,,1031,1027,1067,1072,,
2022-08-01,,1064,1060,1100,1105,,
2022-07-29,,1083,1079,1119,1124,,
2022-07-28,,1093.5,1089.5,1129.5,1134.5,,
2022-07-27,,1079.5,1075.5,1115.5,1120.5,,
2022-07-26,,1097.5,1093.5,1133.5,1138.5,,
2022-07-25,,1088,1084,1124,1129,,
2022-07-22,,1113.5,1109.5,1149.5,1154.5,,
2022-07-21,,1139.5,1135.5,1175.5,1180.5,,
2022-07-20,,1186,1182,1222,1227,,
2022-07-19,,1195,1191,1231,1236,,
2022-07-18,,1189,1185,1225,1230,,
2022-07-15,,1186,1182,1222,1227,,
2022-07-14,,1190.5,1186.5,1226.5,1231.5,,
2022-07-13,,1194,1190,1230,1235,,
2022-07-12,,1231,1227,1267,1272,,
2022-07-11,,1245,1241,1281,1286,,
2022-07-08,,1234,1230,1270,1275,,
2022-07-07,,1183,1179,1219,1224,,
2022-07-06,,1269,1265,1305,1310,,
2022-07-05,,1324.5,1320.5,1360.5,1365.5,,
2022-07-04,,1313.5,1309.5,1349.5,1354.5,,
2022-07-01,,1311,1307,1347,1352,,
2022-06-30,,1305.5,1301.5,1341.5,1346.5,,
2022-06-29,,1306.5,1302.5,1342.5,1347.5,,
2022-06-28,,1293.5,1289.5,1329.5,1334.5,,
2022-06-27,,1267,1263,1303,1308,,
2022-06-24,,1266,1262,1302,1307,,
2022-06-23,,1263.5,1259.5,1299.5,1304.5,,
2022-06-22,,1263.5,1259.5,1299.5,1304.5,,
2022-06-21,,1289,1285,1325,1330,,
2022-06-20,,1247,1243,1283,1288,,
2022-06-17,,1276,1272,1312,1317,,
2022-06-16,,1292.5,1288.5,1328.5,1333.5,,
2022-06-15,,1288.5,1284.5,1324.5,1329.5,,
2022-06-14,,1331,1327,1367,1372,,
2022-06-13,,1319,1315,1355,1360,,
2022-06-10,,1338,1334,1374,1379,,
2022-06-09,,1325.5,1321.5,1361.5,1366.5,,
2022-06-08,,1331,1327,1367,1372,,
2022-06-07,,1314,1310,1350,1355,,
2022-06-06,,1313,1309,1349,1354,,
2022-06-03,,1284,1280,1320,1325,,
2022-06-02,,1275,1271,1311,1316,,
2022-06-01,,1306.5,1302.5,1342.5,1347.5,,
2022-05-31,,1328.5,1324.5,1364.5,1369.5,,
2022-05-30,,1317.5,1313.5,1353.5,1358.5,,
2022-05-27,,1250,1246,1286,1291,,
2022-05-26,,1181,1177,1217,1222,,
2022-05-25,,1199.5,1195.5,1235.5,1240.5,,
2022-05-24,,1143.5,1139.5,1179.5,1184.5,,
2022-05-23,,1143.5,1139.5,1179.5,1184.5,,
2022-05-20,,1136.5,1132.5,1172.5,1177.5,,
2022-05-19,,1108.5,1104.5,1144.5,1149.5,,
2022-05-18,,1120.5,1116.5,1156.5,1161.5,,
2022-05-17,,1119,1115,1155,1160,,
2022-05-16,,1063.5,1059.5,1099.5,1104.5,,
2022-05-13,,1056,1052,1092,1097,,
2022-05-12,,1036,1032,1072,1077,,
2022-05-11,,1037,1033,1073,1078,,
2022-05-10,,1046,1042,1082,1087,,
2022-05-09,,1070.5,1066.5,1106.5,1111.5,,
2022-05-06,,1069,1065,1105,1110,,
2022-05-05,,1065,1061,1101,1106,,
2022-05-04,,1059.5,1055.5,1095.5,1100.5,,
2022-05-03,,1062.5,1058.5,1098.5,1103.5,,
2022-05-02,,1060.5,1056.5,1096.5,1101.5,,
2022-04-29,,1059.5,1055.5,1095.5,1100.5,,
2022-04-28,,1033.5,1029.5,1069.5,1074.5,,
2022-04-27,,1032.5,1028.5,1068.5,1073.5,,
2022-04-26,,1002.5,998.5,1038.5,1043.5,,
2022-04-25,,1022,1018,1058,1063,,
2022-04-22,,1053.5,1049.5,1089.5,1094.5,,
2022-04-21,,1051,1047,1087,1092,,
2022-04-20,,1071,1067,1107,1112,,
2022-04-19,,1079,1075,1115,1120,,
2022-04-18,,1071.5,1067.5,1107.5,1112.5,,
2022-04-15,,1102.5,1098.5,1138.5,1143.5,,
2022-04-14,,1057.5,1053.5,1093.5,1098.5,,
2022-04-13,,1041.5,1037.5,1077.5,1082.5,,
2022-04-12,,1022.5,1018.5,1058.5,1063.5,,
2022-04-11,,1016,1012,1052,1057,,
2022-04-08,,1012,1008,1048,1053,,
2022-04-07,,1009,1005,1045,1050,,
2022-04-06,,1059,1055,1095,1100,,
2022-04-05,,1056.5,1052.5,1092.5,1097.5,,
2022-04-04,,1033.5,1029.5,1069.5,1074.5,,
2022-04-01,,1042,1038,1078,1083,,
2022-03-31,,1052.5,1048.5,1088.5,1093.5,,
2022-03-30,,1069,1065,1105,1110,,
2022-03-29,,1082.5,1078.5,1118.5,1123.5,,
2022-03-28,,1090.5,1086.5,1126.5,1131.5,,
2022-03-25,,1092.5,1088.5,1128.5,1133.5,,
2022-03-24,,1119.5,1115.5,1155.5,1160.5,,
2022-03-23,,1085.5,1081.5,1121.5,1126.5,,
2022-03-22,,1086.5,1082.5,1122.5,1127.5,,
2022-03-21,,1069.5,1065.5,1105.5,1110.5,,
2022-03-18,,1031.5,1027.5,1067.5,1072.5,,
2022-03-17,,990.5,986.5,1026.5,1031.5,,
2022-03-16,,1014.5,1010.5,1050.5,1055.5,,
2022-03-15,,1017.5,1013.5,1053.5,1058.5,,
2022-03-14,,1089,1085,1125,1130,,
2022-03-11,,1123,1119,1159,1164,,
2022-03-10,,1167,1163,1203,1208,,
2022-03-09,,1216.5,1212.5,1252.5,1257.5,,
2022-03-08,,1190,1186,1226,1231,,
2022-03-07,,1170,1166,1206,1211,,
2022-03-04,,1081.5,1077.5,1117.5,1122.5,,
2022-03-03,,1093.5,1089.5,1129.5,1134.5,,
2022-03-02,,1039.5,1035.5,1075.5,1080.5,,
2022-03-01,,987,983,1023,1028,,
2022-02-28,,,,,,,
2022-02-25,,,,,,,
2022-02-24,,,,,,,
2022-02-23,,,,,,,
2022-02-22,,,,,,,
2022-02-21,,,,,,,
2022-02-18,,,,,,,
2022-02-17,,,,,,,
2022-02-16,,,,,,,
2022-02-15,,,,,,,
2022-02-14,,,,,,,
2022-02-11,,,,,,,
2022-02-10,,,,,,,
2022-02-09,,,,,,,
2022-02-08,,,,,,,
2022-02-07,,,,,,,
2022-02-04,,,,,,,
2022-02-03,,,,,,,
2022-02-02,,,,,,,
2022-02-01,,,,,,,
2022-01-31,,,,,,,
2022-01-28,,,,,,,
2022-01-27,,,,,,,
2022-01-26,,,,,,,
2022-01-25,,,,,,,
2022-01-24,,,,,,,
2022-01-21,,,,,,,
2022-01-20,,,,,,,
2022-01-19,,,,,,,
2022-01-18,,,,,,,
2022-01-17,,,,,,,
2022-01-14,,,,,,,
2022-01-13,,,,,,,
2022-01-12,,,,,,,
2022-01-11,,,,,,,
2022-01-10,,,,,,,
2022-01-07,,,,,,,
2022-01-06,,,,,,,
2022-01-05,,,,,,,
2022-01-04,,,,,,,
2022-01-03,,,,,,,
2021-12-31,,,,,,,
2021-12-30,,,,,,,
2021-12-29,,,,,,,
2021-12-28,,,,,,,
2021-12-27,,,,,,,
2021-12-24,,,,,,,
2021-12-23,,,,,,,
2021-12-22,,,,,,,
2021-12-21,,,,,,,
2021-12-20,,,,,,,
2021-12-17,,,,,,,
2021-12-16,,,,,,,
2021-12-15,,,,,,,
2021-12-14,,,,,,,
2021-12-13,,,,,,,
2021-12-10,,,,,,,
2021-12-09,,,,,,,
2021-12-08,,,,,,,
2021-12-07,,,,,,,
2021-12-06,,,,,,,
2021-12-03,,,,,,,
2021-12-02,,,,,,,
2021-12-01,,,,,,,
2021-11-30,,,,,,,
2021-11-29,,,,,,,
2021-11-26,,,,,,,
2021-11-25,,,,,,,
2021-11-24,,,,,,,
2021-11-23,,,,,,,
2021-11-22,,,,,,,
2021-11-19,,,,,,,
2021-11-18,,,,,,,
2021-11-17,,,,,,,
2021-11-16,,,,,,,
2021-11-15,,,,,,,
2021-11-12,,,,,,,
2021-11-11,,,,,,,
2021-11-10,,,,,,,
2021-11-09,,,,,,,
2021-11-08,,,,,,,
2021-11-05,,,,,,,
2021-11-04,,,,,,,
2021-11-03,,,,,,,
2021-11-02,,,,,,,
2021-11-01,,,,,,,
2021-10-29,,,,,,,
2021-10-28,,,,,,,
2021-10-27,,,,,,,
2021-10-26,,,,,,,
2021-10-25,,,,,,,
2021-10-22,,,,,,,
2021-10-21,,,,,,,
2021-10-20,,,,,,,
2021-10-19,,,,,,,
2021-10-18,,,,,,,
2021-10-15,,,,,,,
2021-10-14,,,,,,,
2021-10-13,,,,,,,
2021-10-12,,,,,,,
2021-10-11,,,,,,,
2021-10-08,,,,,,,
2021-10-07,,,,,,,
2021-10-06,,,,,,,
2021-10-05,,,,,,,
2021-10-04,,,,,,,
2021-10-01,,,,,,,
2021-09-30,,,,,,,
2021-09-29,,,,,,,
2021-09-28,,,,,,,
2021-09-27,,,,,,,
2021-09-24,,,,,,,
2021-09-23,,,,,,,
2021-09-22,,,,,,,
2021-09-21,,,,,,,
2021-09-20,,,,,,,
2021-09-17,,,,,,,
2021-09-16,,,,,,,
2021-09-15,,,,,,,
2021-09-14,,,,,,,
2021-09-13,,,,,,,
2021-09-10,,,,,,,
2021-09-09,,,,,,,
2021-09-08,,,,,,,
2021-09-07,,,,,,,
2021-09-06,,,,,,,
2021-09-03,,,,,,,
2021-09-02,,,,,,,
2021-09-01,,,,,,,
2021-08-31,,,,,,,
2021-08-30,,,,,,,
2021-08-27,,,,,,,
2021-08-26,,,,,,,
2021-08-25,,,,,,,
2021-08-24,,,,,,,
2021-08-23,,,,,,,
2021-08-20,,,,,,,
2021-08-19,,,,,,,
2021-08-18,,,,,,,
2021-08-17,,,,,,,
2021-08-16,,,,,,,
2021-08-13,,,,,,,
2021-08-12,,,,,,,
2021-08-11,,,,,,,
2021-08-10,,,,,,,
2021-08-09,,,,,,,
2021-08-06,,,,,,,
2021-08-05,,,,,,,
2021-08-04,,,,,,,
2021-08-03,,,,,,,
2021-08-02,,,,,,,
2021-07-30,,,,,,,
2021-07-29,,,,,,,
2021-07-28,,,,,,,
2021-07-27,,,,,,,
2021-07-26,,,,,,,
2021-07-23,,,,,,,
2021-07-22,,,,,,,
2021-07-21,,,,,,,
2021-07-20,,,,,,,
2021-07-19,,,,,,,
2021-07-16,,,,,,,
2021-07-15,,,,,,,
2021-07-14,,,,,,,
2021-07-13,,,,,,,
2021-07-12,,,,,,,
2021-07-09,,,,,,,
2021-07-08,,,,,,,
2021-07-07,,,,,,,
2021-07-06,,,,,,,
2021-07-05,,,,,,,
2021-07-02,,,,,,,
2021-07-01,,,,,,,
2021-06-30,,,,,,,
2021-06-29,,,,,,,
2021-06-28,,,,,,,
2021-06-25,,,,,,,
2021-06-24,,,,,,,
2021-06-23,,,,,,,
2021-06-22,,,,,,,
2021-06-21,,,,,,,
2021-06-18,,,,,,,
2021-06-17,,,,,,,
2021-06-16,,,,,,,
2021-06-15,,,,,,,
2021-06-14,,,,,,,
2021-06-11,,,,,,,
2021-06-10,,,,,,,
2021-06-09,,,,,,,
2021-06-08,,,,,,,
2021-06-07,,,,,,,
2021-06-04,,,,,,,
2021-06-03,,,,,,,
2021-06-02,,,,,,,
2021-06-01,,,,,,,
2021-05-31,,,,,,,
2021-05-28,,,,,,,
2021-05-27,,,,,,,
2021-05-26,,,,,,,
2021-05-25,,,,,,,
2021-05-24,,,,,,,
2021-05-21,,,,,,,
2021-05-20,,,,,,,
2021-05-19,,,,,,,
2021-05-18,,,,,,,
2021-05-17,,,,,,,
2021-05-14,,,,,,,
2021-05-13,,,,,,,
2021-05-12,,,,,,,
2021-05-11,,,,,,,
2021-05-10,,,,,,,
2021-05-07,,,,,,,
2021-05-06,,,,,,,
2021-05-05,,,,,,,
2021-05-04,,,,,,,
2021-05-03,,,,,,,
2021-04-30,,,,,,,
2021-04-29,,,,,,,
2021-04-28,,,,,,,
2021-04-27,,,,,,,
2021-04-26,,,,,,,
2021-04-23,,,,,,,
2021-04-22,,,,,,,
2021-04-21,,,,,,,
2021-04-20,,,,,,,
2021-04-19,,,,,,,
2021-04-16,,,,,,,
2021-04-15,,,,,,,
2021-04-14,,,,,,,
2021-04-13,,,,,,,
2021-04-12,,,,,,,
2021-04-09,,,,,,,
2021-04-08,,,,,,,
2021-04-07,,,,,,,
2021-04-06,,,,,,,
2021-04-05,,,,,,,
2021-04-02,,,,,,,
2021-04-01,,,,,,,
2021-03-31,,,,,,,
2021-03-30,,,,,,,
2021-03-29,,,,,,,
2021-03-26,,,,,,,
2021-03-25,,,,,,,
2021-03-24,,,,,,,
2021-03-23,,,,,,,
2021-03-22,,,,,,,
2021-03-19,,,,,,,
2021-03-18,,,,,,,
2021-03-17,,,,,,,
2021-03-16,,,,,,,
2021-03-15,,,,,,,
2021-03-12,,,,,,,
2021-03-11,,,,,,,
2021-03-10,,,,,,,
2021-03-09,,,,,,,
2021-03-08,,,,,,,
2021-03-05,,,,,,,
2021-03-04,,,,,,,
2021-03-03,,,,,,,
2021-03-02,,,,,,,
2021-03-01,,,,,,,
2021-02-26,,,,,,,
2021-02-25,,,,,,,
2021-02-24,,,,,,,
2021-02-23,,,,,,,
2021-02-22,,,,,,,
2021-02-19,,,,,,,
2021-02-18,,,,,,,
2021-02-17,,,,,,,
2021-02-16,,,,,,,
2021-02-15,,,,,,,
2021-02-12,,,,,,,
2021-02-11,,,,,,,
2021-02-10,,,,,,,
2021-02-09,,,,,,,
2021-02-08,,,,,,,
2021-02-05,,,,,,,
2021-02-04,,,,,,,
2021-02-03,,,,,,,
2021-02-02,,,,,,,
2021-02-01,,,,,,,
2021-01-29,,,,,,,
2021-01-28,,,,,,,
2021-01-27,,,,,,,
2021-01-26,,,,,,,
2021-01-25,,,,,,,
2021-01-22,,,,,,,
2021-01-21,,,,,,,
2021-01-20,,,,,,,
2021-01-19,,,,,,,
2021-01-18,,,,,,,
2021-01-15,,,,,,,
2021-01-14,,,,,,,
2021-01-13,,,,,,,
2021-01-12,,,,,,,
2021-01-11,,,,,,,
2021-01-08,,,,,,,
2021-01-07,,,,,,,
2021-01-06,,,,,,,
2021-01-05,,,,,,,
2021-01-04,,,,,,,
2021-01-01,,,,,,,
2020-12-31,,,,,,,
2020-12-30,,,,,,,
2020-12-29,,,,,,,
2020-12-28,,,,,,,
2020-12-25,,,,,,,
2020-12-24,,,,,,,
2020-12-23,,,,,,,
2020-12-22,,,,,,,
2020-12-21,,,,,,,
2020-12-18,,,,,,,
2020-12-17,,,,,,,
2020-12-16,,,,,,,
2020-12-15,,,,,,,
2020-12-14,,,,,,,
2020-12-11,,,,,,,
2020-12-10,,,,,,,
2020-12-09,,,,,,,
2020-12-08,,,,,,,
2020-12-07,,,,,,,
2020-12-04,,,,,,,
2020-12-03,,,,,,,
2020-12-02,,,,,,,
2020-12-01,,,,,,,
2020-11-30,,,,,,,
2020-11-27,,,,,,,
2020-11-26,,,,,,,
2020-11-25,,,,,,,
2020-11-24,,,,,,,
2020-11-23,,,,,,,
2020-11-20,,,,,,,
2020-11-19,,,,,,,
2020-11-18,,,,,,,
2020-11-17,,,,,,,
2020-11-16,,,,,,,
2020-11-13,,,,,,,
2020-11-12,,,,,,,
2020-11-11,,,,,,,
2020-11-10,,,,,,,
2020-11-09,,,,,,,
2020-11-06,,,,,,,
2020-11-05,,,,,,,
2020-11-04,,,,,,,
2020-11-03,,,,,,,
2020-11-02,,,,,,,
2020-10-30,,,,,,,
2020-10-29,,,,,,,
2020-10-28,,,,,,,
2020-10-27,,,,,,,
2020-10-26,,,,,,,
2020-10-23,,,,,,,
2020-10-22,,,,,,,
2020-10-21,,,,,,,
2020-10-20,,,,,,,
2020-10-19,,,,,,,
2020-10-16,,,,,,,
2020-10-15,,,,,,,
2020-10-14,,,,,,,
2020-10-13,,,,,,,
2020-10-12,,,,,,,
2020-10-09,,,,,,,
2020-10-08,,,,,,,
2020-10-07,,,,,,,
2020-10-06,,,,,,,
2020-10-05,,,,,,,
2020-10-02,,,,,,,
2020-10-01,,,,,,,
2020-09-30,,,,,,,
2020-09-29,,,,,,,
2020-09-28,,,,,,,
2020-09-25,,,,,,,
2020-09-24,,,,,,,
2020-09-23,,,,,,,
2020-09-22,,,,,,,
2020-09-21,,,,,,,
2020-09-18,,,,,,,
2020-09-17,,,,,,,
2020-09-16,,,,,,,
2020-09-15,,,,,,,
2020-09-14,,,,,,,
2020-09-11,,,,,,,
2020-09-10,,,,,,,
2020-09-09,,,,,,,
2020-09-08,,,,,,,
2020-09-07,,,,,,,
2020-09-04,,,,,,,
2020-09-03,,,,,,,
2020-09-02,,,,,,,
2020-09-01,,,,,,,
2020-08-31,,,,,,,
2020-08-28,,,,,,,
2020-08-27,,,,,,,
2020-08-26,,,,,,,
2020-08-25,,,,,,,
2020-08-24,,,,,,,
2020-08-21,,,,,,,
2020-08-20,,,,,,,
2020-08-19,,,,,,,
2020-08-18,,,,,,,
2020-08-17,,,,,,,
2020-08-14,,,,,,,
2020-08-13,,,,,,,
2020-08-12,,,,,,,
2020-08-11,,,,,,,
2020-08-10,,,,,,,
2020-08-07,,,,,,,
2020-08-06,,,,,,,
2020-08-05,,,,,,,
2020-08-04,,,,,,,
2020-08-03,,,,,,,
2020-07-31,,,,,,,
2020-07-30,,,,,,,
2020-07-29,,,,,,,
2020-07-28,,,,,,,
2020-07-27,,,,,,,
2020-07-24,,,,,,,
2020-07-23,,,,,,,
2020-07-22,,,,,,,
2020-07-21,,,,,,,
2020-07-20,,,,,,,
2020-07-17,,,,,,,
2020-07-16,,,,,,,
2020-07-15,,,,,,,
2020-07-14,,,,,,,
2020-07-13,,,,,,,
2020-07-10,,,,,,,
2020-07-09,,,,,,,
2020-07-08,,,,,,,
2020-07-07,,,,,,,
2020-07-06,,,,,,,
2020-07-03,,,,,,,
2020-07-02,,,,,,,
2020-07-01,,,,,,,
2020-06-30,,,,,,,
2020-06-29,,,,,,,
2020-06-26,,,,,,,
2020-06-25,,,,,,,
2020-06-24,,,,,,,
2020-06-23,,,,,,,
2020-06-22,,,,,,,
2020-06-19,,,,,,,
2020-06-18,,,,,,,
2020-06-17,,,,,,,
2020-06-16,,,,,,,
2020-06-15,,,,,,,
2020-06-12,,,,,,,
2020-06-11,,,,,,,
2020-06-10,,,,,,,
2020-06-09,,,,,,,
2020-06-08,,,,,,,
2020-06-05,,,,,,,
2020-06-04,,,,,,,
2020-06-03,,,,,,,
2020-06-02,,,,,,,
2020-06-01,,,,,,,
2020-05-29,,,,,,,
2020-05-28,,,,,,,
2020-05-27,,,,,,,
2020-05-26,,,,,,,
2020-05-22,,,,,,,
2020-05-21,,,,,,,
2020-05-20,,,,,,,
2020-05-19,,,,,,,
2020-05-18,,,,,,,
2020-05-15,,,,,,,
2020-05-14,,,,,,,
2020-05-13,,,,,,,
2020-05-12,,,,,,,
2020-05-11,,,,,,,
2020-05-08,,,,,,,
2020-05-07,,,,,,,
2020-05-06,,,,,,,
2020-05-05,,,,,,,
2020-05-04,,,,,,,
2020-05-01,,,,,,,
2020-04-30,,,,,,,
2020-04-29,,,,,,,
2020-04-28,,,,,,,
2020-04-27,,,,,,,
2020-04-24,,,,,,,
2020-04-23,,,,,,,
2020-04-22,,,,,,,
2020-04-21,,,,,,,
2020-04-20,,,,,,,
2020-04-17,,,,,,,
2020-04-16,,,,,,,
2020-04-15,,,,,,,
2020-04-14,,,,,,,
2020-04-13,,,,,,,
2020-04-09,,,,,,,
2020-04-08,,,,,,,
2020-04-07,,,,,,,
2020-04-06,,,,,,,
2020-04-03,,,,,,,
2020-04-02,,,,,,,
2020-04-01,,,,,,,
2020-03-31,,,,,,,
2020-03-30,,,,,,,
2020-03-27,,,,,,,
2020-03-26,,,,,,,
2020-03-25,,,,,,,
2020-03-24,,,,,,,
2020-03-23,,,,,,,
2020-03-20,,,,,,,
2020-03-19,,,,,,,
2020-03-18,,,,,,,
2020-03-17,,,,,,,
2020-03-16,,,,,,,
2020-03-13,,,,,,,
2020-03-12,,,,,,,
2020-03-11,,,,,,,
2020-03-10,,,,,,,
2020-03-09,,,,,,,
2020-03-06,,,,,,,
2020-03-05,,,,,,,
2020-03-04,,,,,,,
2020-03-03,,,,,,,
2020-03-02,,,,,,,
2020-02-28,,,,,,,
2020-02-27,,,,,,,
2020-02-26,,,,,,,
2020-02-25,,,,,,,
2020-02-24,,,,,,,
2020-02-21,,,,,,,
2020-02-20,,,,,,,
2020-02-19,,,,,,,
2020-02-18,,,,,,,
2020-02-14,,,,,,,
2020-02-13,,,,,,,
2020-02-12,,,,,,,
2020-02-11,,,,,,,
2020-02-10,,,,,,,
2020-02-07,,,,,,,
2020-02-06,,,,,,,
2020-02-05,,,,,,,
2020-02-04,,,,,,,
2020-02-03,,,,,,,
2020-01-31,,,,,,,
2020-01-30,,,,,,,
2020-01-29,,,,,,,
2020-01-28,,,,,,,
2020-01-27,,,,,,,
2020-01-24,,,,,,,
2020-01-23,,,,,,,
2020-01-22,,,,,,,
2020-01-21,,,,,,,
2020-01-20,,,,,,,
2020-01-17,,,,,,,
2020-01-16,,,,,,,
2020-01-15,,,,,,,
2020-01-14,,,,,,,
2020-01-13,,,,,,,
2020-01-10,,,,,,,
2020-01-09,,,,,,,
2020-01-08,,,,,,,
2020-01-07,,,,,,,
2020-01-06,,,,,,,
2020-01-03,,,,,,,
2020-01-02,,,,,,,
2019-12-31,,,,,,,
2019-12-30,,,,,,,
2019-12-27,,,,,,,
2019-12-26,,,,,,,
2019-12-24,,,,,,,
2019-12-23,,,,,,,
2019-12-20,,,,,,,
2019-12-19,,,,,,,
2019-12-18,,,,,,,
2019-12-17,,,,,,,
2019-12-16,,,,,,,
2019-12-13,,,,,,,
2019-12-12,,,,,,,
2019-12-11,,,,,,,
2019-12-10,,,,,,,
2019-12-09,,,,,,,
2019-12-06,,,,,,,
2019-12-05,,,,,,,
2019-12-04,,,,,,,
2019-12-03,,,,,,,
2019-12-02,,,,,,,
2019-11-29,,,,,,,
2019-11-28,,,,,,,
2019-11-27,,,,,,,
2019-11-26,,,,,,,
2019-11-25,,,,,,,
2019-11-22,,,,,,,
2019-11-21,,,,,,,
2019-11-20,,,,,,,
2019-11-19,,,,,,,
2019-11-18,,,,,,,
2019-11-15,,,,,,,
2019-11-14,,,,,,,
2019-11-13,,,,,,,
2019-11-12,,,,,,,
2019-11-11,,,,,,,
2019-11-08,,,,,,,
2019-11-07,,,,,,,
2019-11-06,,,,,,,
2019-11-05,,,,,,,
2019-11-04,,,,,,,
2019-11-01,,,,,,,
2019-10-31,,,,,,,
2019-10-30,,,,,,,
2019-10-29,,,,,,,
2019-10-28,,,,,,,
2019-10-25,,,,,,,
2019-10-24,,,,,,,
2019-10-23,,,,,,,
2019-10-22,,,,,,,
2019-10-21,,,,,,,
2019-10-18,,,,,,,
2019-10-17,,,,,,,
2019-10-16,,,,,,,
2019-10-15,,,,,,,
2019-10-14,,,,,,,
2019-10-11,,,,,,,
2019-10-10,,,,,,,
2019-10-09,,,,,,,
2019-10-08,,,,,,,
2019-10-07,,,,,,,
2019-10-04,,,,,,,
2019-10-03,,,,,,,
2019-10-02,,,,,,,
2019-10-01,,,,,,,
2019-09-30,,,,,,,
2019-09-27,,,,,,,
2019-09-26,,,,,,,
2019-09-25,,,,,,,
2019-09-24,,,,,,,
2019-09-23,,,,,,,
2019-09-20,,,,,,,
2019-09-19,,,,,,,
2019-09-18,,,,,,,
2019-09-17,,,,,,,
2019-09-16,,,,,,,
2019-09-13,,,,,,,
2019-09-12,,,,,,,
2019-09-11,,,,,,,
2019-09-10,,,,,,,
2019-09-09,,,,,,,
2019-09-06,,,,,,,
2019-09-05,,,,,,,
2019-09-04,,,,,,,
2019-09-03,,,,,,,
2019-09-02,,,,,,,
2019-08-30,,,,,,,
2019-08-29,,,,,,,
2019-08-28,,,,,,,
2019-08-27,,,,,,,
2019-08-26,,,,,,,
2019-08-23,,,,,,,
2019-08-22,,,,,,,
2019-08-21,,,,,,,
2019-08-20,,,,,,,
2019-08-19,,,,,,,
2019-08-16,,,,,,,
2019-08-15,,,,,,,
2019-08-14,,,,,,,
2019-08-13,,,,,,,
2019-08-12,,,,,,,
2019-08-09,,,,,,,
2019-08-08,,,,,,,
2019-08-07,,,,,,,
2019-08-06,,,,,,,
2019-08-05,,,,,,,
2019-08-02,,,,,,,
2019-08-01,,,,,,,
2019-07-31,,,,,,,
2019-07-30,,,,,,,
2019-07-29,,,,,,,
2019-07-26,,,,,,,
2019-07-25,,,,,,,
2019-07-24,,,,,,,
2019-07-23,,,,,,,
2019-07-22,,,,,,,
2019-07-19,,,,,,,
2019-07-18,,,,,,,
2019-07-17,,,,,,,
2019-07-16,,,,,,,
2019-07-15,,,,,,,
2019-07-12,,,,,,,
2019-07-11,,,,,,,
2019-07-10,,,,,,,
2019-07-09,,,,,,,
2019-07-08,,,,,,,
2019-07-05,,,,,,,
2019-07-04,,,,,,,
2019-07-03,,,,,,,
2019-07-02,,,,,,,
2019-07-01,,,,,,,
2019-06-28,,,,,,,
2019-06-27,,,,,,,
2019-06-26,,,,,,,
2019-06-25,,,,,,,
2019-06-24,,,,,,,
2019-06-21,,,,,,,
2019-06-20,,,,,,,
2019-06-19,,,,,,,
2019-06-18,,,,,,,
2019-06-17,,,,,,,
2019-06-14,,,,,,,
2019-06-13,,,,,,,
2019-06-12,,,,,,,
2019-06-11,,,,,,,
2019-06-10,,,,,,,
2019-06-07,,,,,,,
2019-06-06,,,,,,,
2019-06-05,,,,,,,
2019-06-04,,,,,,,
2019-06-03,,,,,,,
2019-05-31,,,,,,,
2019-05-30,,,,,,,
2019-05-29,,,,,,,
2019-05-28,,,,,,,
2019-05-27,,,,,,,
2019-05-24,,,,,,,
2019-05-23,,,,,,,
2019-05-22,,,,,,,
2019-05-21,,,,,,,
2019-05-20,,,,,,,
2019-05-17,,,,,,,
2019-05-16,,,,,,,
2019-05-15,,,,,,,
2019-05-14,,,,,,,
2019-05-13,,,,,,,
2019-05-10,,,,,,,
2019-05-09,,,,,,,
2019-05-08,,,,,,,
2019-05-07,,,,,,,
2019-05-06,,,,,,,
2019-05-03,,,,,,,
2019-05-02,,,,,,,
2019-05-01,,,,,,,
2019-04-30,,,,,,,
2019-04-29,,,,,,,
2019-04-26,,,,,,,
2019-04-25,,,,,,,
2019-04-24,,,,,,,
2019-04-23,,,,,,,
2019-04-22,,,,,,,
2019-04-18,,,,,,,
2019-04-17,,,,,,,
2019-04-16,,,,,,,
2019-04-15,,,,,,,
2019-04-12,,,,,,,
2019-04-11,,,,,,,
2019-04-10,,,,,,,
2019-04-09,,,,,,,
2019-04-08,,,,,,,
2019-04-05,,,,,,,
2019-04-04,,,,,,,
2019-04-03,,,,,,,
2019-04-02,,,,,,,
2019-04-01,,,,,,,
2019-03-29,,,,,,,
2019-03-28,,,,,,,
2019-03-27,,,,,,,
2019-03-26,,,,,,,
2019-03-25,,,,,,,
2019-03-22,,,,,,,
2019-03-21,,,,,,,
2019-03-20,,,,,,,
2019-03-19,,,,,,,
2019-03-18,,,,,,,
2019-03-15,,,,,,,
2019-03-14,,,,,,,
2019-03-13,,,,,,,
2019-03-12,,,,,,,
2019-03-11,,,,,,,
2019-03-08,,,,,,,
2019-03-07,,,,,,,
2019-03-06,,,,,,,
2019-03-05,,,,,,,
2019-03-04,,,,,,,
2019-03-01,,,,,,,
2019-02-28,,,,,,,
2019-02-27,,,,,,,
2019-02-26,,,,,,,
2019-02-25,,,,,,,
2019-02-22,,,,,,,
2019-02-21,,,,,,,
2019-02-20,,,,,,,
2019-02-19,,,,,,,
2019-02-18,,,,,,,
2019-02-15,,,,,,,
2019-02-14,,,,,,,
2019-02-13,,,,,,,
2019-02-12,,,,,,,
2019-02-11,,,,,,,
2019-02-08,,,,,,,
2019-02-07,,,,,,,
2019-02-06,,,,,,,
2019-02-05,,,,,,,
2019-02-04,,,,,,,
2019-02-01,,,,,,,
2019-01-31,,,,,,,
2019-01-30,,,,,,,
2019-01-29,,,,,,,
2019-01-28,,,,,,,
2019-01-25,,,,,,,
2019-01-24,,,,,,,
2019-01-23,,,,,,,
2019-01-22,,,,,,,
2019-01-21,,,,,,,
2019-01-18,,,,,,,
2019-01-17,,,,,,,
2019-01-16,,,,,,,
2019-01-15,,,,,,,
2019-01-14,,,,,,,
2019-01-11,,,,,,,
2019-01-10,,,,,,,
2019-01-09,,,,,,,
2019-01-08,,,,,,,
2019-01-07,,,,,,,
2019-01-04,,,,,,,
2019-01-03,,,,,,,
2019-01-02,,,,,,,
