Date,Brent,BrentPMT
2026-08-05,79.42,598.03
2026-08-04,78.68,592.46
2026-08-03,83.77,630.79
2026-07-31,89.68,675.29
2026-07-30,87.07,655.64
2026-07-29,88.31,664.97
2026-07-28,83.01,625.07
2026-07-27,85.87,646.6
2026-07-24,98.34,740.5
2026-07-23,100.65,757.89
2026-07-22,95.5,719.12
2026-07-21,91.64,690.05
2026-07-20,88.81,668.74
2026-07-17,88.13,663.62
2026-07-16,84.86,639
2026-07-15,85.06,640.5
2026-07-14,85.33,642.53
2026-07-13,83.55,629.13
2026-07-10,76.01,572.36
2026-07-09,75.9,571.53
2026-07-08,78.02,587.49
2026-07-07,74.16,558.42
2026-07-06,71.99,542.08
2026-07-03,71.94,541.71
2026-07-02,71.8,540.65
2026-07-01,71.57,538.92
2026-06-30,72.95,549.31
2026-06-29,73.57,553.98
2026-06-26,72.6,546.68
2026-06-25,75.5,568.51
2026-06-24,73.87,556.24
2026-06-23,76.8,578.3
2026-06-22,77.52,583.73
2026-06-19,80.38,605.26
2026-06-18,79.26,596.83
2026-06-17,78.69,592.54
2026-06-16,79.34,597.43
2026-06-15,83.17,626.27
2026-06-12,86.74,653.15
2026-06-11,90.38,680.56
2026-06-10,95,715.35
2026-06-09,92.34,695.32
2026-06-08,94.11,708.65
2026-06-05,92.89,699.46
2026-06-04,95.03,715.58
2026-06-03,97.81,736.51
2026-06-02,96,722.88
2026-06-01,94.98,715.2
2026-05-29,91.12,686.13
2026-05-28,92.69,697.96
2026-05-27,92.25,694.64
2026-05-26,96.28,724.99
2026-05-25,93.65,705.18
2026-05-22,104.05,783.5
2026-05-21,104.9,789.9
2026-05-20,105.02,790.8
2026-05-19,111.28,837.94
2026-05-18,109.32,823.18
2026-05-15,109.19,822.2
2026-05-14,105.72,796.07
2026-05-13,105.72,796.07
2026-05-12,107.77,811.51
2026-05-11,104.58,787.49
2026-05-08,100.57,757.29
2026-05-07,103.27,777.62
2026-05-06,101.96,767.76
2026-05-05,110.31,830.63
2026-05-04,114.06,858.87
2026-05-01,108.17,814.52
2026-04-30,110.4,831.31
2026-04-29,110.44,831.61
2026-04-28,104.48,786.73
2026-04-27,101.93,767.53
2026-04-24,105.9,797.43
2026-04-23,106.09,798.86
2026-04-22,101.82,766.7
2026-04-21,99.03,745.7
2026-04-20,95.48,718.96
2026-04-17,91.57,689.52
2026-04-16,99.39,748.41
2026-04-15,94.92,714.75
2026-04-14,94.79,713.77
2026-04-13,99.36,748.18
2026-04-10,95.2,716.86
2026-04-09,95.92,722.28
2026-04-08,94.75,713.47
2026-04-07,103.42,778.75
2026-04-06,109.77,826.57
2026-04-03,109.24,822.58
2026-04-02,109.24,822.58
2026-04-01,101.16,761.73
2026-03-31,103.97,782.89
2026-03-30,107.39,808.65
2026-03-27,106.89,804.88
2026-03-26,101.89,767.23
2026-03-25,98.13,738.92
2026-03-24,95.91,722.2
2026-03-23,95.92,722.28
2026-03-20,108.2,814.75
2026-03-19,107.43,808.95
2026-03-18,109.47,824.31
2026-03-17,103.27,777.62
2026-03-16,100.86,759.48
2026-03-13,103.89,782.29
2026-03-12,99.92,752.4
2026-03-11,93.63,705.03
2026-03-10,87.8,661.13
2026-03-09,90.33,680.18
2026-03-06,93.04,700.59
2026-03-05,85.41,643.14
2026-03-04,82.58,621.83
2026-03-03,81.4,612.94
2026-03-02,78.06,587.79
2026-02-27,72.87,548.71
2026-02-26,70.79,533.05
2026-02-25,70.85,533.5
2026-02-24,71.03,534.86
2026-02-23,71.13,535.61
2026-02-20,71.61,539.22
2026-02-19,71.66,539.6
2026-02-18,70.2,528.61
2026-02-17,67.36,507.22
2026-02-16,68.63,516.78
2026-02-13,67.75,510.16
2026-02-12,67.52,508.43
2026-02-11,69.65,524.46
2026-02-10,69.08,520.17
2026-02-09,69.14,520.62
2026-02-06,68.05,512.42
2026-02-05,67.32,506.92
2026-02-04,69.46,523.03
2026-02-03,67.82,510.68
2026-02-02,66.3,499.24
2026-01-30,69.82,525.74
2026-01-29,69.59,524.01
2026-01-28,67.37,507.3
2026-01-27,66.59,501.42
2026-01-26,64.77,487.72
2026-01-23,65.88,496.08
2026-01-22,64.47,485.46
2026-01-21,65.35,492.09
2026-01-20,64.92,488.85
2026-01-19,63.94,481.47
2026-01-16,63.99,481.84
2026-01-15,63.87,480.94
2026-01-14,64.82,488.09
2026-01-13,65.46,492.91
2026-01-12,64.18,483.28
2026-01-09,63.01,474.47
2026-01-08,61.99,466.78
2026-01-07,60.38,454.66
2026-01-06,60.51,455.64
2026-01-05,61.81,465.43
2026-01-02,60.75,457.45
2026-01-01,60.91,458.65
2025-12-31,60.91,458.65
2025-12-30,61.08,459.93
2025-12-29,61.49,463.02
2025-12-26,60.64,456.62
2025-12-25,62.24,468.67
2025-12-24,62.24,468.67
2025-12-23,62.49,470.55
2025-12-22,62.07,467.39
2025-12-19,60.84,458.13
2025-12-18,60.47,455.34
2025-12-17,59.68,449.39
2025-12-16,58.92,443.67
2025-12-15,60.56,456.02
2025-12-12,61.12,460.23
2025-12-11,61.28,461.44
2025-12-10,62.59,471.3
2025-12-09,61.94,466.41
2025-12-08,62.49,470.55
2025-12-05,63.77,480.19
2025-12-04,63.26,476.35
2025-12-03,62.67,471.91
2025-12-02,62.45,470.25
2025-12-01,63.17,475.67
2025-11-28,62.32,469.27
2025-11-27,62.87,473.41
2025-11-26,62.54,470.93
2025-11-25,61.8,465.35
2025-11-24,62.62,471.53
2025-11-21,62.56,471.08
2025-11-20,63.38,477.25
2025-11-19,63.51,478.23
2025-11-18,64.82,488.09
2025-11-17,59.86,450.75
2025-11-14,64.39,484.86
2025-11-13,63.01,474.47
2025-11-12,62.71,472.21
2025-11-11,65.16,490.65
2025-11-10,64.06,482.37
2025-11-07,63.69,479.59
2025-11-06,63.38,477.25
2025-11-05,63.52,478.31
2025-11-04,64.44,485.23
2025-11-03,64.89,488.62
2025-10-31,64.68,487.04
2025-10-30,64.05,482.3
2025-10-29,64.32,484.33
2025-10-28,63.83,480.64
2025-10-27,64.9,488.7
2025-10-24,65.94,496.53
2025-10-23,65.99,496.9
2025-10-22,62.59,471.3
2025-10-21,61.32,461.74
2025-10-20,61.01,459.41
2025-10-17,61.38,462.19
2025-10-16,61.06,459.78
2025-10-15,61.91,466.18
2025-10-14,62.28,468.97
2025-10-13,63.32,476.8
2025-10-10,62.21,468.44
2025-10-09,65.23,491.18
2025-10-08,66.25,498.86
2025-10-07,65.74,495.02
2025-10-06,65.47,492.99
2025-10-03,64.36,484.63
2025-10-02,64.11,482.75
2025-10-01,65.45,492.84
2025-09-30,66.03,497.21
2025-09-29,67.09,505.19
2025-09-26,69.67,524.62
2025-09-25,69.64,524.39
2025-09-24,69.31,521.9
2025-09-23,67.63,509.25
2025-09-22,66.57,501.27
2025-09-19,66.64,501.8
2025-09-18,67.44,507.82
2025-09-17,67.95,511.66
2025-09-16,68.47,515.58
2025-09-15,67.44,507.82
2025-09-12,66.99,504.43
2025-09-11,66.29,499.16
2025-09-10,67.49,508.2
2025-09-09,66.39,499.92
2025-09-08,66.02,497.13
2025-09-05,65.64,494.27
2025-09-04,65.64,494.27
2025-09-03,67.39,507.45
2025-09-02,69.14,520.62
2025-09-01,68.16,513.24
2025-08-29,67.48,508.12
2025-08-28,67.63,509.25
2025-08-27,67.44,507.82
2025-08-26,66.69,502.18
2025-08-25,68.22,513.7
2025-08-22,67.79,510.46
2025-08-21,67.63,509.25
2025-08-20,67.02,504.66
2025-08-19,65.96,496.68
2025-08-18,66.6,501.5
2025-08-15,65.85,495.85
2025-08-14,66.89,503.68
2025-08-13,65.63,494.19
2025-08-12,66.12,497.88
2025-08-11,66.71,502.33
2025-08-08,66.14,498.03
2025-08-07,66.43,500.22
2025-08-06,66.89,503.68
2025-08-05,67.64,509.33
2025-08-04,68.68,517.16
2025-08-01,69.44,522.88
2025-07-31,71.78,540.5
2025-07-30,72.47,545.7
2025-07-29,71.77,540.43
2025-07-28,69.32,521.98
2025-07-25,68.34,514.6
2025-07-24,69.33,522.05
2025-07-23,68.51,515.88
2025-07-22,68.59,516.48
2025-07-21,69.21,521.15
2025-07-18,69.28,521.68
2025-07-17,69.52,523.49
2025-07-16,68.52,515.96
2025-07-15,68.85,518.44
2025-07-14,69.04,519.87
2025-07-11,70.63,531.84
2025-07-10,68.87,518.59
2025-07-09,70.16,528.3
2025-07-08,70.02,527.25
2025-07-07,69.6,524.09
2025-07-04,68.51,515.88
2025-07-03,68.85,518.44
2025-07-02,69.02,519.72
2025-07-01,67.21,506.09
2025-06-30,66.63,501.72
2025-06-27,66.41,500.07
2025-06-26,66.74,502.55
2025-06-25,66.45,500.37
2025-06-24,66.17,498.26
2025-06-23,69.2,521.08
2025-06-20,77.01,579.89
2025-06-19,78.74,592.91
2025-06-18,76.7,577.55
2025-06-17,76.45,575.67
2025-06-16,73.23,551.42
2025-06-13,74.23,558.95
2025-06-12,70.31,529.43
2025-06-11,69.77,525.37
2025-06-10,66.6,501.5
2025-06-09,67.04,504.81
2025-06-06,66.47,500.52
2025-06-05,65.29,491.63
2025-06-04,64.27,483.95
2025-06-03,64.94,489
2025-06-02,63.87,480.94
2025-05-30,62.78,472.73
2025-05-29,63.35,477.03
2025-05-28,64.32,484.33
2025-05-27,63.57,478.68
2025-05-26,64.18,483.28
2025-05-23,65.01,489.53
2025-05-22,64.03,482.15
2025-05-21,64.58,486.29
2025-05-20,65.6,493.97
2025-05-19,65.54,493.52
2025-05-16,65.41,492.54
2025-05-15,64.62,486.59
2025-05-14,65.8,495.47
2025-05-13,66.63,501.72
2025-05-12,64.96,489.15
2025-05-09,63.91,481.24
2025-05-08,62.84,473.19
2025-05-07,60.95,458.95
2025-05-06,62.15,467.99
2025-05-05,60.25,453.68
2025-05-02,61.29,461.51
2025-05-01,61.87,465.88
2025-04-30,61.06,459.78
2025-04-29,63.01,474.47
2025-04-28,64.55,486.06
2025-04-25,66.98,504.36
2025-04-24,66.5,500.75
2025-04-23,66.14,498.03
2025-04-22,67.44,507.82
2025-04-21,66.47,500.52
2025-04-18,67.05,504.89
2025-04-17,67.96,511.74
2025-04-16,65.85,495.85
2025-04-15,64.85,488.32
2025-04-14,64.88,488.55
2025-04-11,64.69,487.12
2025-04-10,63.44,477.7
2025-04-09,65.48,493.06
2025-04-08,61.63,464.07
2025-04-07,64.29,484.1
2025-04-04,65.98,496.83
2025-04-03,69.81,525.67
2025-04-02,73.15,550.82
2025-04-01,74.49,560.91
2025-03-31,74.77,563.02
2025-03-28,72.54,546.23
2025-03-27,73.35,552.33
2025-03-26,73.06,550.14
2025-03-25,72.52,546.08
2025-03-24,72.42,545.32
2025-03-21,72.11,542.99
2025-03-20,72.26,544.12
2025-03-19,70.87,533.65
2025-03-18,70.38,529.96
2025-03-17,70.93,534.1
2025-03-14,70.65,531.99
2025-03-13,70.15,528.23
2025-03-12,70.97,534.4
2025-03-11,69.91,526.42
2025-03-10,69.22,521.23
2025-03-07,70.45,530.49
2025-03-06,69.53,523.56
2025-03-05,69.43,522.81
2025-03-04,71.13,535.61
2025-03-03,71.62,539.3
2025-02-28,73.18,551.05
2025-02-27,74.04,557.52
2025-02-26,72.84,548.49
2025-02-25,72.83,548.41
2025-02-24,74.71,562.57
2025-02-21,74.28,559.33
2025-02-20,76.78,578.15
2025-02-19,76.08,572.88
2025-02-18,75.62,569.42
2025-02-17,75.28,566.86
2025-02-14,74.65,562.11
2025-02-13,75.09,565.43
2025-02-12,75.86,571.23
2025-02-11,76.81,578.38
2025-02-10,75.73,570.25
2025-02-07,74.66,562.19
2025-02-06,74.75,562.87
2025-02-05,74.68,562.34
2025-02-04,76.09,572.96
2025-02-03,75.41,567.84
2025-01-31,76.76,578
2025-01-30,77.26,581.77
2025-01-29,77.29,581.99
2025-01-28,77.49,583.5
2025-01-27,77.28,581.92
2025-01-24,78.5,591.11
2025-01-23,78.4,590.35
2025-01-22,79.2,596.38
2025-01-21,79.5,598.63
2025-01-20,79.88,601.5
2025-01-17,80.61,606.99
2025-01-16,80.64,607.22
2025-01-15,81.5,613.7
2025-01-14,80.33,604.88
2025-01-13,81.12,610.83
2025-01-10,79.79,600.82
2025-01-09,77.08,580.41
2025-01-08,76.16,573.48
2025-01-07,77.05,580.19
2025-01-06,76.19,573.71
2025-01-03,76.63,577.02
2025-01-02,76.1,573.03
2024-12-30,74.32,559.63
2024-12-27,74.17,558.5
2024-12-24,73.58,554.06
2024-12-23,72.05,542.54
2024-12-20,72.94,549.24
2024-12-19,72.81,548.26
2024-12-18,74.08,557.82
2024-12-17,72.67,547.21
2024-12-16,73.73,555.19
2024-12-13,74.37,560.01
2024-12-12,72.59,546.6
2024-12-11,73.04,549.99
2024-12-10,72.19,543.59
2024-12-09,72.41,545.25
2024-12-06,71.12,535.53
2024-12-05,72.14,543.21
2024-12-04,73.34,552.25
2024-12-03,73.56,553.91
2024-12-02,71.81,540.73
2024-11-29,72.94,549.24
2024-11-28,73.19,551.12
2024-11-27,72.86,548.64
2024-11-26,73.44,553
2024-11-25,73.01,549.77
2024-11-22,75.31,567.08
2024-11-21,73.91,556.54
2024-11-20,72.81,548.26
2024-11-19,73.31,552.02
2024-11-18,73.15,550.82
2024-11-15,71.04,534.93
2024-11-14,72.4,545.17
2024-11-13,72.17,543.44
2024-11-12,72.17,543.44
2024-11-11,71.88,541.26
2024-11-08,73.87,556.24
2024-11-07,75.1,565.5
2024-11-06,74.92,564.15
2024-11-05,76.01,572.36
2024-11-04,74.66,562.19
2024-11-01,73.1,550.44
2024-10-31,73.16,550.89
2024-10-30,72.48,545.77
2024-10-29,71.03,534.86
2024-10-28,71.14,535.68
2024-10-25,76.05,572.66
2024-10-24,74.42,560.38
2024-10-23,75.02,564.9
2024-10-22,75.9,571.53
2024-10-21,74.29,559.4
2024-10-18,73.06,550.14
2024-10-17,74.45,560.61
2024-10-16,74.22,558.88
2024-10-15,74.25,559.1
2024-10-14,77.46,583.27
2024-10-11,79.04,595.17
2024-10-10,79.4,597.88
2024-10-09,76.58,576.65
2024-10-08,77.18,581.17
2024-10-07,80.87,608.95
2024-10-04,78.05,587.72
2024-10-03,77.49,583.5
2024-10-02,73.9,556.47
2024-10-01,73.56,553.91
2024-09-30,71.81,540.73
2024-09-27,71.89,541.33
2024-09-26,70.97,534.4
2024-09-25,73.61,554.28
2024-09-24,75.17,566.03
2024-09-23,73.9,556.47
2024-09-20,74.49,560.91
2024-09-19,75.09,565.43
2024-09-18,73.65,554.58
2024-09-17,73.7,554.96
2024-09-16,72.75,547.81
2024-09-13,72.05,542.54
2024-09-12,71.97,541.93
2024-09-11,70.61,531.69
2024-09-10,69.19,521
2024-09-09,71.84,540.96
2024-09-06,71.06,535.08
2024-09-05,72.69,547.36
2024-09-04,72.7,547.43
2024-09-03,70.34,529.66
2024-09-02,77.52,583.73
2024-08-30,78.8,593.36
2024-08-29,79.94,601.95
2024-08-28,78.65,592.23
2024-08-27,79.96,602.1
2024-08-26,81.43,613.17
2024-08-23,79.02,595.02
2024-08-22,77.6,584.33
2024-08-21,76.05,572.66
2024-08-20,77.2,581.32
2024-08-19,77.66,584.78
2024-08-16,79.68,599.99
2024-08-15,81.04,610.23
2024-08-14,79.76,600.59
2024-08-13,80.69,607.6
2024-08-12,82.3,619.72
2024-08-09,79.66,599.84
2024-08-08,79.16,596.07
2024-08-07,78.33,589.82
2024-08-06,76.56,576.5
2024-08-05,76.92,579.21
2024-08-02,76.81,578.38
2024-08-01,79.81,600.97
2024-07-31,80.71,607.75
2024-07-30,78.63,592.08
2024-07-29,79.78,600.74
2024-07-26,81.13,610.91
2024-07-25,82.37,620.25
2024-07-24,81.71,615.28
2024-07-23,81.01,610.01
2024-07-22,82.4,620.47
2024-07-19,82.63,622.2
2024-07-18,85.21,641.63
2024-07-17,85.08,640.65
2024-07-16,83.73,630.49
2024-07-15,84.85,638.92
2024-07-12,85.03,640.28
2024-07-11,85.4,643.06
2024-07-10,85.08,640.65
2024-07-09,84.66,637.49
2024-07-08,85.66,645.02
2024-07-05,86.54,651.65
2024-07-04,87.47,658.65
2024-07-03,87.04,655.41
2024-07-02,86.5,651.35
2024-07-01,86.6,652.1
2024-06-28,86.41,650.67
2024-06-27,85.7,645.32
2024-06-26,85.25,641.93
2024-06-25,85.25,641.93
2024-06-24,86.01,647.66
2024-06-21,85.24,641.86
2024-06-20,85.71,645.4
2024-06-19,85.27,642.08
2024-06-18,85.33,642.53
2024-06-17,84.25,634.4
2024-06-14,82.69,622.66
2024-06-13,82.91,624.31
2024-06-12,82.45,620.85
2024-06-11,81.92,616.86
2024-06-10,81.84,616.26
2024-06-07,79.62,599.54
2024-06-06,79.87,601.42
2024-06-05,78.41,590.43
2024-06-04,77.51,583.65
2024-06-03,78.36,590.05
2024-05-31,81.62,614.6
2024-05-30,81.86,616.41
2024-05-29,83.6,629.51
2024-05-28,83.79,630.94
2024-05-27,83.16,626.19
2024-05-24,82.12,618.36
2024-05-23,81.14,610.98
2024-05-22,81.9,616.71
2024-05-21,82.88,624.09
2024-05-20,83.71,630.34
2024-05-17,83.98,632.37
2024-05-16,83.36,627.7
2024-05-15,82.85,623.86
2024-05-14,82.88,624.09
2024-05-13,83.21,626.57
2024-05-10,82.79,623.41
2024-05-09,83.88,631.62
2024-05-08,83.58,629.36
2024-05-07,83.16,626.19
2024-05-06,83.33,627.47
2024-05-03,82.96,624.69
2024-05-02,83.67,630.04
2024-05-01,83.44,628.3
2024-04-30,87.86,661.59
2024-04-29,88.4,665.65
2024-04-26,89.5,673.94
2024-04-25,88.22,664.3
2024-04-24,88.02,662.79
2024-04-23,88.48,666.25
2024-04-22,87,655.11
2024-04-19,87.29,657.29
2024-04-18,87.29,657.29
2024-04-17,89.23,671.9
2024-04-16,90.02,677.85
2024-04-15,90.1,678.45
2024-04-12,90.45,681.09
2024-04-11,89.74,675.74
2024-04-10,90.48,681.31
2024-04-09,89.4,673.18
2024-04-08,90.38,680.56
2024-04-05,91.17,686.51
2024-04-04,90.65,682.59
2024-04-03,89.35,672.81
2024-04-02,88.92,669.57
2024-04-01,87.5,658.88
2024-03-29,87,655.11
2024-03-28,87.48,658.72
2024-03-27,86.09,648.26
2024-03-26,86.25,649.46
2024-03-25,86.57,651.87
2024-03-22,85.43,643.29
2024-03-21,85.78,645.92
2024-03-20,85.95,647.2
2024-03-19,87.38,657.97
2024-03-18,86.89,654.28
2024-03-15,85.34,642.61
2024-03-14,85.26,642.01
2024-03-13,84.03,632.75
2024-03-12,81.92,616.86
2024-03-11,82.21,619.04
2024-03-08,82.08,618.06
2024-03-07,82.96,624.69
2024-03-06,82.96,624.69
2024-03-05,82.04,617.76
2024-03-04,82.8,623.48
2024-03-01,83.55,629.13
2024-02-29,81.88,616.56
2024-02-28,83.68,630.11
2024-02-27,83.65,629.88
2024-02-26,82.53,621.45
2024-02-23,81.64,614.75
2024-02-22,83.69,630.19
2024-02-21,83.03,625.22
2024-02-20,82.34,620.02
2024-02-19,83.35,627.63
2024-02-16,83.47,628.53
2024-02-15,81.6,614.45
2024-02-14,81.6,614.45
2024-02-13,82.77,623.26
2024-02-12,82,617.46
2024-02-09,82.19,618.89
2024-02-08,81.36,612.64
2024-02-07,79.21,596.45
2024-02-06,78.59,591.78
2024-02-05,78.22,589
2024-02-02,77.33,582.29
2024-02-01,78.7,592.61
2024-01-31,81.71,615.28
2024-01-30,82.87,624.01
2024-01-29,82.4,620.47
2024-01-26,83.55,629.13
2024-01-25,81.89,616.63
2024-01-24,80.04,602.7
2024-01-23,79.55,599.01
2024-01-22,80.06,602.85
2024-01-19,78.56,591.56
2024-01-18,79.1,595.62
2024-01-17,77.88,586.44
2024-01-16,78.29,589.52
2024-01-15,78.15,588.47
2024-01-12,78.29,589.52
2024-01-11,77.41,582.9
2024-01-10,76.8,578.3
2024-01-09,77.59,584.25
2024-01-08,76.12,573.18
2024-01-05,78.76,593.06
2024-01-04,77.59,584.25
2024-01-03,78.33,589.82
2024-01-02,76.88,578.91
2024-01-01,77.04,580.11
2023-12-29,77.04,580.11
2023-12-28,77.15,580.94
2023-12-27,79.65,599.76
2023-12-26,81.07,610.46
2023-12-25,79.07,595.4
2023-12-22,79.07,595.4
2023-12-21,79.39,597.81
2023-12-20,79.56,599.09
2023-12-19,79.23,596.6
2023-12-18,78.46,590.8
2023-12-15,76.55,576.42
2023-12-14,76.61,576.87
2023-12-13,74.26,559.18
2023-12-12,73.24,551.5
2023-12-11,76.03,572.51
2023-12-08,75.84,571.08
2023-12-07,73.82,555.86
2023-12-06,74.3,559.48
2023-12-05,77.2,581.32
2023-12-04,78.03,587.57
2023-12-01,78.88,593.97
2023-11-30,82.83,623.71
2023-11-29,83.1,625.74
2023-11-28,81.68,615.05
2023-11-27,79.98,602.25
2023-11-24,80.58,606.77
2023-11-23,81.28,612.04
2023-11-22,81.96,617.16
2023-11-21,82.45,620.85
2023-11-20,82.32,619.87
2023-11-17,80.61,606.99
2023-11-16,77.42,582.97
2023-11-15,81.18,611.29
2023-11-14,82.47,621
2023-11-13,82.52,621.38
2023-11-10,81.42,613.09
2023-11-09,80.35,605.04
2023-11-08,79.54,598.94
2023-11-07,81.61,614.52
2023-11-06,85.89,646.75
2023-11-03,84.89,639.22
2023-11-02,86.85,653.98
2023-11-01,84.63,637.26
2023-10-31,87.41,658.2
2023-10-30,87.45,658.5
2023-10-27,90.48,681.31
2023-10-26,87.93,662.11
2023-10-25,90.13,678.68
2023-10-24,88.07,663.17
2023-10-23,89.83,676.42
2023-10-20,92.16,693.96
2023-10-19,92.38,695.62
2023-10-18,91.5,689
2023-10-17,89.9,676.95
2023-10-16,89.65,675.06
2023-10-13,90.89,684.4
2023-10-12,86,647.58
2023-10-11,85.82,646.22
2023-10-10,87.81,661.21
2023-10-09,88.15,663.77
2023-10-06,84.58,636.89
2023-10-05,84.07,633.05
2023-10-04,85.81,646.15
2023-10-03,90.92,684.63
2023-10-02,90.71,683.05
2023-09-29,95.31,717.68
2023-09-28,95.38,718.21
2023-09-27,94.36,710.53
2023-09-26,93.96,707.52
2023-09-25,93.29,702.47
2023-09-22,93.27,702.32
2023-09-21,93.3,702.55
2023-09-20,93.53,704.28
2023-09-19,94.34,710.38
2023-09-18,94.43,711.06
2023-09-15,93.93,707.29
2023-09-14,93.7,705.56
2023-09-13,91.88,691.86
2023-09-12,92.06,693.21
2023-09-11,90.64,682.52
2023-09-08,90.65,682.59
2023-09-07,89.92,677.1
2023-09-06,90.6,682.22
2023-09-05,90.04,678
2023-09-01,88.55,666.78
2023-08-31,86.86,654.06
2023-08-30,85.86,646.53
2023-08-29,85.49,643.74
2023-08-28,83.36,627.7
2023-08-25,84.48,636.13
2023-08-24,83.36,627.7
2023-08-23,83.21,626.57
2023-08-22,84.03,632.75
2023-08-21,84.46,635.98
2023-08-18,84.8,638.54
2023-08-17,84.12,633.42
2023-08-16,83.45,628.38
2023-08-15,84.89,639.22
2023-08-14,86.21,649.16
2023-08-11,86.81,653.68
2023-08-10,86.4,650.59
2023-08-09,87.55,659.25
2023-08-08,86.17,648.86
2023-08-07,85.34,642.61
2023-08-04,86.24,649.39
2023-08-03,85.14,641.1
2023-08-02,84.35,635.16
2023-08-01,84.91,639.37
2023-07-31,85.56,644.27
2023-07-28,84.99,639.97
2023-07-27,84.35,635.16
2023-07-26,82.92,624.39
2023-07-25,83.64,629.81
2023-07-24,82.74,623.03
2023-07-21,81.07,610.46
2023-07-20,79.64,599.69
2023-07-19,79.46,598.33
2023-07-18,79.63,599.61
2023-07-17,78.5,591.11
2023-07-14,79.87,601.42
2023-07-13,81.36,612.64
2023-07-12,80.11,603.23
2023-07-11,79.4,597.88
2023-07-10,77.69,585.01
2023-07-07,78.47,590.88
2023-07-06,76.52,576.2
2023-07-05,76.65,577.17
2023-07-04,76.25,574.16
2023-07-03,74.65,562.11
2023-06-30,74.9,564
2023-06-29,74.34,559.78
2023-06-28,74.03,557.45
2023-06-27,72.96,549.39
2023-06-26,74.18,558.58
2023-06-23,73.85,556.09
2023-06-22,74.14,558.27
2023-06-21,77.12,580.71
2023-06-20,75.9,571.53
2023-06-19,76.13,573.26
2023-06-16,76.61,576.87
2023-06-15,75.67,569.8
2023-06-14,73.2,551.2
2023-06-13,74.29,559.4
2023-06-12,71.84,540.96
2023-06-09,74.79,563.17
2023-06-08,75.96,571.98
2023-06-07,76.95,579.43
2023-06-06,76.29,574.46
2023-06-05,76.71,577.63
2023-06-02,76.13,573.26
2023-06-01,74.28,559.33
2023-05-31,72.6,546.68
2023-05-30,73.54,553.76
2023-05-29,77.07,580.34
2023-05-26,76.95,579.43
2023-05-25,76.25,574.16
2023-05-24,78.66,592.31
2023-05-23,76.84,578.61
2023-05-22,75.99,572.2
2023-05-19,75.22,566.41
2023-05-18,75.86,571.23
2023-05-17,76.97,579.58
2023-05-16,74.91,564.07
2023-05-15,75.23,566.48
2023-05-12,74.17,558.5
2023-05-11,74.98,564.6
2023-05-10,76.41,575.37
2023-05-09,77.44,583.12
2023-05-08,77.01,579.89
2023-05-05,75.3,567.01
2023-05-04,72.42,545.32
2023-05-03,72.33,544.64
2023-05-02,75.32,567.16
2023-05-01,78.45,590.73
2023-04-28,79.54,598.94
2023-04-27,78.37,590.13
2023-04-26,77.69,585.01
2023-04-25,80.77,608.2
2023-04-24,82.73,622.96
2023-04-21,81.66,614.9
2023-04-20,81.1,610.68
2023-04-19,83.12,625.89
2023-04-18,85.25,641.93
2023-04-17,84.65,637.41
2023-04-14,86.31,649.91
2023-04-13,86.09,648.26
2023-04-12,87.33,657.59
2023-04-11,85.61,644.64
2023-04-06,85.12,640.95
2023-04-05,84.99,639.97
2023-04-04,84.94,639.6
2023-04-03,84.93,639.52
2023-03-31,79.71,600.22
2023-03-30,79.27,596.9
2023-03-29,78.28,589.45
2023-03-28,78.65,592.23
2023-03-27,78.12,588.24
2023-03-24,74.99,564.67
2023-03-23,75.91,571.6
2023-03-22,76.69,577.48
2023-03-21,75.32,567.16
2023-03-20,73.79,555.64
2023-03-17,72.97,549.46
2023-03-16,74.7,562.49
2023-03-15,73.69,554.89
2023-03-14,77.45,583.2
2023-03-13,80.77,608.2
2023-03-10,82.78,623.33
2023-03-09,81.59,614.37
2023-03-08,82.66,622.43
2023-03-07,83.29,627.17
2023-03-06,86.18,648.94
2023-03-03,85.83,646.3
2023-03-02,84.75,638.17
2023-03-01,84.31,634.85
2023-02-28,83.89,631.69
2023-02-27,82.45,620.85
2023-02-24,83.16,626.19
2023-02-23,82.21,619.04
2023-02-22,80.6,606.92
2023-02-21,83.05,625.37
2023-02-20,84.07,633.05
2023-02-17,83,624.99
2023-02-16,85.14,641.1
2023-02-15,85.38,642.91
2023-02-14,85.58,644.42
2023-02-13,86.61,652.17
2023-02-10,86.39,650.52
2023-02-09,84.5,636.28
2023-02-08,85.09,640.73
2023-02-07,83.69,630.19
2023-02-06,80.99,609.85
2023-02-03,79.94,601.95
2023-02-02,82.17,618.74
2023-02-01,82.84,623.79
2023-01-31,84.49,636.21
2023-01-30,84.9,639.3
2023-01-27,86.66,652.55
2023-01-26,87.47,658.65
2023-01-25,86.12,648.48
2023-01-24,86.13,648.56
2023-01-23,88.19,664.07
2023-01-20,87.63,659.85
2023-01-19,86.16,648.78
2023-01-18,84.98,639.9
2023-01-17,85.92,646.98
2023-01-16,84.52,636.44
2023-01-13,85.28,642.16
2023-01-12,84.03,632.75
2023-01-11,82.67,622.51
2023-01-10,80.1,603.15
2023-01-09,79.65,599.76
2023-01-06,78.57,591.63
2023-01-05,78.69,592.54
2023-01-04,77.84,586.14
2023-01-03,82.1,618.21
2023-01-02,84.97,639.82
2022-12-30,85.91,646.9
2022-12-29,82.26,619.42
2022-12-28,83.26,626.95
2022-12-27,84.33,635
2022-12-23,83.92,631.92
2022-12-22,80.79,608.35
2022-12-21,82.2,618.97
2022-12-20,79.99,602.32
2022-12-19,79.8,600.89
2022-12-16,79.25,596.75
2022-12-15,81.21,611.51
2022-12-14,82.7,622.73
2022-12-13,80.68,607.52
2022-12-12,77.99,587.26
2022-12-09,76.1,573.03
2022-12-08,76.15,573.41
2022-12-07,77.11,580.64
2022-12-06,79.35,597.51
2022-12-05,82.68,622.58
2022-12-02,85.87,646.6
2022-12-01,86.88,654.21
2022-11-30,85.43,643.29
2022-11-29,83.03,625.22
2022-11-28,83.19,626.42
2022-11-25,83.63,629.73
2022-11-24,85.34,642.61
2022-11-23,85.41,643.14
2022-11-22,88.36,665.35
2022-11-21,87.45,658.5
2022-11-18,87.62,659.78
2022-11-17,89.78,676.04
2022-11-16,92.86,699.24
2022-11-15,93.86,706.77
2022-11-14,93.14,701.34
2022-11-11,95.99,722.8
2022-11-10,93.67,705.34
2022-11-09,92.65,697.65
2022-11-08,95.36,718.06
2022-11-07,97.92,737.34
2022-11-04,98.57,742.23
2022-11-03,94.67,712.87
2022-11-02,96.16,724.08
2022-11-01,94.65,712.71
2022-10-31,94.83,714.07
2022-10-28,95.77,721.15
2022-10-27,96.96,730.11
2022-10-26,95.69,720.55
2022-10-25,93.52,704.21
2022-10-24,93.26,702.25
2022-10-21,93.5,704.06
2022-10-20,92.38,695.62
2022-10-19,92.41,695.85
2022-10-18,90.03,677.93
2022-10-17,91.62,689.9
2022-10-14,91.63,689.97
2022-10-13,94.57,712.11
2022-10-12,92.45,696.15
2022-10-11,94.29,710
2022-10-10,96.19,724.31
2022-10-07,97.92,737.34
2022-10-06,94.42,710.98
2022-10-05,93.37,703.08
2022-10-04,91.8,691.25
2022-10-03,88.86,669.12
2022-09-30,87.96,662.34
2022-09-29,88.49,666.33
2022-09-28,89.32,672.58
2022-09-27,86.27,649.61
2022-09-26,84.06,632.97
2022-09-23,86.15,648.71
2022-09-22,90.46,681.16
2022-09-21,89.83,676.42
2022-09-20,90.62,682.37
2022-09-19,92,692.76
2022-09-16,91.54,689.3
2022-09-15,90.84,684.03
2022-09-14,94.1,708.57
2022-09-13,93.17,701.57
2022-09-12,94,707.82
2022-09-09,92.84,699.09
2022-09-08,89.15,671.3
2022-09-07,88,662.64
2022-09-06,92.83,699.01
2022-09-05,95.74,720.92
2022-09-02,93.02,700.44
2022-09-01,92.36,695.47
2022-08-31,96.49,726.57
2022-08-30,99.31,747.8
2022-08-29,105.09,791.33
2022-08-26,100.99,760.45
2022-08-25,99.34,748.03
2022-08-24,101.22,762.19
2022-08-23,100.22,754.66
2022-08-22,96.48,726.49
2022-08-19,96.72,728.3
2022-08-18,96.59,727.32
2022-08-17,93.29,702.47
2022-08-16,92.34,695.32
2022-08-15,95.1,716.1
2022-08-12,98.15,739.07
2022-08-11,99.79,751.42
2022-08-10,97.4,733.42
2022-08-09,96.31,725.21
2022-08-08,96.65,727.77
2022-08-05,94.92,714.75
2022-08-04,94.12,708.72
2022-08-03,96.78,728.75
2022-08-02,100.54,757.07
2022-08-01,100.3,755.26
2022-07-29,110.01,828.38
2022-07-28,107.14,806.76
2022-07-27,106.62,802.85
2022-07-26,99.46,748.93
2022-07-25,105.15,791.78
2022-07-22,103.2,777.1
2022-07-21,103.86,782.07
2022-07-20,106.92,805.11
2022-07-19,107.35,808.35
2022-07-18,106.27,800.21
2022-07-15,101.16,761.73
2022-07-14,99.1,746.22
2022-07-13,99.57,749.76
2022-07-12,99.49,749.16
2022-07-11,107.1,806.46
2022-07-08,107.11,806.54
2022-07-07,104.65,788.01
2022-07-06,100.69,758.2
2022-07-05,101.83,766.78
2022-07-04,113.5,854.65
2022-07-01,111.63,840.57
2022-06-30,114.81,864.52
2022-06-29,116.26,875.44
2022-06-28,117.98,888.39
2022-06-27,115.09,866.63
2022-06-24,112.55,847.5
2022-06-23,110.05,828.68
2022-06-22,111.74,841.4
2022-06-21,114.65,863.31
2022-06-20,114.13,859.4
2022-06-17,113.12,851.79
2022-06-16,119.81,902.17
2022-06-15,118.51,892.38
2022-06-14,121.17,912.41
2022-06-13,122.27,920.69
2022-06-10,122.01,918.74
2022-06-09,123.07,926.72
2022-06-08,123.58,930.56
2022-06-07,120.57,907.89
2022-06-06,119.51,899.91
2022-06-03,119.72,901.49
2022-06-02,117.61,885.6
2022-06-01,116.29,875.66
2022-05-31,122.84,924.99
2022-05-30,121.67,916.18
2022-05-27,119.43,899.31
2022-05-26,117.4,884.02
2022-05-25,114.03,858.65
2022-05-24,113.56,855.11
2022-05-23,113.42,854.05
2022-05-20,112.55,847.5
2022-05-19,112.04,843.66
2022-05-18,109.11,821.6
2022-05-17,111.93,842.83
2022-05-16,114.24,860.23
2022-05-13,111.55,839.97
2022-05-12,107.45,809.1
2022-05-11,107.51,809.55
2022-05-10,102.46,771.52
2022-05-09,105.94,797.73
2022-05-06,112.39,846.3
2022-05-05,110.89,835
2022-05-04,110.14,829.35
2022-05-03,104.97,790.42
2022-05-02,107.58,810.08
2022-04-29,109.34,823.33
2022-04-28,107.59,810.15
2022-04-27,105.32,793.06
2022-04-26,104.99,790.57
2022-04-25,102.32,770.47
2022-04-22,106.32,800.59
2022-04-21,108.33,815.72
2022-04-20,104.67,788.17
2022-04-19,107.25,807.59
2022-04-18,113.16,852.09
2022-04-14,111.7,841.1
2022-04-13,108.78,819.11
2022-04-12,104.64,787.94
2022-04-11,98.43,741.18
2022-04-08,101.24,762.34
2022-04-07,100.58,757.37
2022-04-06,101.07,761.06
2022-04-05,106.64,803
2022-04-04,107.53,809.7
2022-04-01,104.75,788.77
2022-03-31,107.91,812.56
2022-03-30,113.45,854.28
2022-03-29,110.23,830.03
2022-03-28,112.48,846.97
2022-03-25,119.56,900.29
2022-03-24,119.03,896.3
2022-03-23,121.6,915.65
2022-03-22,115.7,871.22
2022-03-21,115.62,870.62
2022-03-18,107.97,813.01
2022-03-17,106.64,803
2022-03-16,98.02,738.09
2022-03-15,99.91,752.32
2022-03-14,106.9,804.96
2022-03-11,112.67,848.41
2022-03-10,109.33,823.25
2022-03-09,111.14,836.88
2022-03-08,127.98,963.69
2022-03-07,123.21,927.77
2022-03-04,118.11,889.37
2022-03-03,110.46,831.76
2022-03-02,112.93,850.36
2022-03-01,104.97,790.42
2022-02-28,97.26,732.37
2022-02-25,96.55,727.02
2022-02-24,99.08,746.07
2022-02-23,96.62,727.55
2022-02-22,96.84,729.21
2022-02-21,95.39,718.29
2022-02-18,93.91,707.14
2022-02-17,92.9,699.54
2022-02-16,91.45,688.62
2022-02-15,93.28,702.4
2022-02-14,96.48,726.49
2022-02-11,94.44,711.13
2022-02-10,91.41,688.32
2022-02-09,91.55,689.37
2022-02-08,91.32,687.64
2022-02-07,92.69,697.96
2022-02-04,92.75,698.41
2022-02-03,91.11,686.06
2022-02-02,89.47,673.71
2022-02-01,89.16,671.37
2022-01-31,91.23,686.96
2022-01-28,90.03,677.93
2022-01-27,89.34,672.73
2022-01-26,90.35,680.34
2022-01-25,88.2,664.15
2022-01-24,86.27,649.61
2022-01-21,87.71,660.46
2022-01-20,88.38,665.5
2022-01-19,88.44,665.95
2022-01-18,87.51,658.95
2022-01-17,86.48,651.19
2022-01-14,86.38,650.44
2022-01-13,84.47,636.06
2022-01-12,84.78,638.39
2022-01-11,83.79,630.94
2022-01-10,81,609.93
2022-01-07,81.91,616.78
2022-01-06,81.99,617.38
2022-01-05,80.8,608.42
2022-01-04,80.16,603.6
2022-01-03,78.98,594.72
2021-12-31,77.78,585.68
2021-12-30,79.32,597.28
2021-12-29,79.48,598.48
2021-12-28,79.07,595.4
2021-12-27,79.02,595.02
2021-12-24,76.14,573.33
2021-12-23,76.85,578.68
2021-12-22,75.29,566.93
2021-12-21,73.98,557.07
2021-12-20,71.52,538.55
2021-12-17,73.52,553.61
2021-12-16,75.02,564.9
2021-12-15,73.88,556.32
2021-12-14,73.4,552.7
2021-12-13,74.39,560.16
2021-12-10,75.15,565.88
2021-12-09,74.42,560.38
2021-12-08,75.82,570.92
2021-12-07,75.97,572.05
2021-12-06,73.08,550.29
2021-12-03,69.98,526.95
2021-12-02,69.67,524.62
2021-12-01,68.87,518.59
2021-11-30,70.49,530.79
2021-11-29,73.44,553
2021-11-26,72.72,547.58
2021-11-25,82.22,619.12
2021-11-24,82.25,619.34
2021-11-23,82.31,619.79
2021-11-22,79.5,598.63
2021-11-19,80.67,607.45
2021-11-18,80.81,608.5
2021-11-17,81.05,610.31
2021-11-16,82.43,620.7
2021-11-15,82.05,617.84
2021-11-12,82.07,617.99
2021-11-11,82.5,621.23
2021-11-10,82.56,621.68
2021-11-09,84.9,639.3
2021-11-08,83.66,629.96
2021-11-05,82.55,621.6
2021-11-04,80.54,606.47
2021-11-03,81.38,612.79
2021-11-02,84.72,637.94
2021-11-01,84.71,637.87
2021-10-29,84.38,635.38
2021-10-28,84.32,634.93
2021-10-27,84.58,636.89
2021-10-26,86.4,650.59
2021-10-25,85.99,647.5
2021-10-22,85.53,644.04
2021-10-21,84.61,637.11
2021-10-20,85.82,646.22
2021-10-19,85.08,640.65
2021-10-18,84.33,635
2021-10-15,84.92,639.45
2021-10-14,84,632.52
2021-10-13,83.18,626.35
2021-10-12,83.27,627.02
2021-10-11,83.65,629.88
2021-10-08,82.39,620.4
2021-10-07,81.95,617.08
2021-10-06,81.08,610.53
2021-10-05,82.56,621.68
2021-10-04,81.26,611.89
2021-10-01,79.28,596.98
2021-09-30,78.52,591.26
2021-09-29,78.64,592.16
2021-09-28,79.09,595.55
2021-09-27,79.53,598.86
2021-09-24,78.09,588.02
2021-09-23,77.25,581.69
2021-09-22,75.82,570.92
2021-09-21,74.36,559.93
2021-09-20,73.92,556.62
2021-09-17,75.34,567.31
2021-09-16,75.67,569.8
2021-09-15,72.61,546.75
2021-09-14,72.92,549.09
2021-09-13,73.51,553.53
2021-09-10,72.87,548.71
2021-09-09,71.45,538.02
2021-09-08,72.6,546.68
2021-09-07,71.69,539.83
2021-09-06,72.22,543.82
2021-09-03,72.61,546.75
2021-09-02,73.03,549.92
2021-09-01,71.59,539.07
2021-08-31,72.99,549.61
2021-08-30,73.41,552.78
2021-08-27,72.7,547.43
2021-08-26,71.07,535.16
2021-08-25,72.25,544.04
2021-08-24,71.05,535.01
2021-08-23,68.75,517.69
2021-08-20,65.18,490.81
2021-08-19,66.45,500.37
2021-08-18,68.23,513.77
2021-08-17,69.03,519.8
2021-08-16,69.51,523.41
2021-08-13,70.59,531.54
2021-08-12,71.31,536.96
2021-08-11,71.44,537.94
2021-08-10,70.63,531.84
2021-08-09,69.04,519.87
2021-08-06,70.7,532.37
2021-08-05,71.29,536.81
2021-08-04,70.38,529.96
2021-08-03,72.41,545.25
2021-08-02,73.3,551.95
2021-07-30,76.33,574.76
2021-07-29,76.05,572.66
2021-07-28,74.74,562.79
2021-07-27,74.73,562.72
2021-07-26,74.5,560.99
2021-07-23,74.1,557.97
2021-07-22,73.79,555.64
2021-07-21,72.23,543.89
2021-07-20,69.35,522.21
2021-07-19,68.62,516.71
2021-07-16,72.59,546.6
2021-07-15,73.47,553.23
2021-07-14,74.76,562.94
2021-07-13,76.49,575.97
2021-07-12,75.16,565.95
2021-07-09,75.55,568.89
2021-07-08,74.12,558.12
2021-07-07,73.43,552.93
2021-07-06,74.53,561.21
2021-07-05,77.11,580.64
2021-07-02,75.16,565.95
2021-07-01,75.84,571.08
2021-06-30,75.13,565.73
2021-06-29,74.76,562.94
2021-06-28,74.68,562.34
2021-06-25,76.18,573.64
2021-06-24,75.55,568.89
2021-06-23,75.19,566.18
2021-06-22,74.81,563.32
2021-06-21,74.9,564
2021-06-18,73.51,553.53
2021-06-17,73.08,550.292413787841
2021-06-16,74.39,560.156695404052
2021-06-15,73.99,557.144683914184
2021-06-14,72.86,548.635804595947
2021-06-11,72.69,547.355718383789
2021-06-10,72.52,546.07557472229
2021-06-09,72.01,542.235316085815
2021-06-08,72.22,543.816609191894
2021-06-07,71.49,538.319683914184
2021-06-04,71.89,541.331695404052
2021-06-03,71.31,536.964281616211
2021-06-02,71.35,537.265488510131
2021-06-01,70.25,528.9825
2021-05-31,69.32,521.979597702026
2021-05-28,69.63,524.313879318237
2021-05-27,69.46,523.033793106079
2021-05-26,68.87,518.591120681762
2021-05-25,68.65,516.934511489868
2021-05-24,68.46,515.503793106079
2021-05-21,66.44,500.293218383789
2021-05-20,65.11,490.278304595947
2021-05-19,66.66,501.949827575683
2021-05-18,68.71,517.386293106079
2021-05-17,69.46,523.033793106079
2021-05-14,67.96,511.738793106079
2021-05-13,68.55,516.181522979736
2021-05-12,69.32,521.979597702026
2021-05-11,67.86,510.985804595947
2021-05-10,68.37,514.826120681762
2021-05-07,68.28,514.148390808105
2021-05-06,68.96,519.268793106079
2021-05-05,68.68,517.160402297973
2021-05-04,69.35,522.205488510131
2021-05-03,67.56,508.72678161621
2021-04-30,67.03,504.735890808105
2021-04-29,68.56,516.25678161621
2021-04-28,67.03,504.735890808105
2021-04-27,65.87,496.001120681762
2021-04-26,65.03,489.675890808105
2021-04-23,66.11,497.808304595947
2021-04-22,65.4,492.462011489868
2021-04-21,65.32,491.859597702026
2021-04-20,66.47,500.519109191894
2021-04-19,67.05,504.886522979736
2021-04-16,66.77,502.77807472229
2021-04-15,66.94,504.058218383789
2021-04-14,66.58,501.347413787841
2021-04-13,63.67,479.435086212158
2021-04-12,63.28,476.498390808105
2021-04-09,63.04,474.69120689392
2021-04-08,63.2,475.896005744934
2021-04-07,63.16,475.594798851013
2021-04-06,62.74,472.432212638855
2021-04-05,62.15,467.989511489868
2021-04-02,64.68,487.040402297973
2021-04-01,64.68,487.040402297973
2021-03-31,62.74,472.432212638855
2021-03-30,64.14,482.974195404052
2021-03-29,64.98,489.29942527771
2021-03-26,64.57,486.212097702026
2021-03-25,61.8,465.353994255065
2021-03-24,64.41,485.007327575683
2021-03-23,60.79,457.74870689392
2021-03-22,64.59,486.362672424316
2021-03-19,64.63,486.663879318237
2021-03-18,63.28,476.498390808105
2021-03-17,68,512.04
2021-03-16,68.39,514.976695404052
2021-03-15,68.88,518.666379318237
2021-03-12,69.22,521.226609191894
2021-03-11,69.63,524.313879318237
2021-03-10,67.9,511.287011489868
2021-03-09,67.52,508.42557472229
2021-03-08,68.24,513.847183914184
2021-03-05,69.36,522.280804595947
2021-03-04,66.74,502.552183914184
2021-03-03,64.07,482.447097702026
2021-03-02,62.7,472.131005744934
2021-03-01,63.69,479.585689659118
2021-02-26,65.03,489.675890808105
2021-02-25,66.88,503.606379318237
2021-02-24,67.04,504.81120689392
2021-02-23,65.42,492.612586212158
2021-02-22,64.95,489.073477020263
2021-02-19,62.91,473.712298851013
2021-02-18,63.93,481.392902297973
2021-02-17,64.34,484.480172424316
2021-02-16,63.35,477.025488510131
2021-02-15,63.13,475.368908042907
2021-02-12,62.43,470.097902297973
2021-02-11,61.14,460.384195404052
2021-02-10,61.47,462.869109191894
2021-02-09,61.09,460.007701148986
2021-02-08,60.56,456.016810340881
2021-02-05,59.34,446.830201148986
2021-02-04,58.87,443.291091957092
2021-02-03,58.46,440.203793106079
2021-02-02,57.46,432.673793106079
2021-02-01,56.26,423.637787361145
2021-01-29,55.97,421.454109191894
2021-01-28,55.54,418.21620689392
2021-01-27,56.25,423.5625
2021-01-26,55.77,419.94810344696
2021-01-25,55.72,419.571609191894
2021-01-22,55.5,417.915
2021-01-21,56.1,422.432988510131
2021-01-20,56.08,422.282413787841
2021-01-19,55.9,420.927011489868
2021-01-18,54.87,413.171091957092
2021-01-15,55.1,414.902988510131
2021-01-14,56.3,423.939
2021-01-13,56.05,422.056494255065
2021-01-12,56.44,424.993189659118
2021-01-11,55.66,419.119798851013
2021-01-08,55.35,416.785488510131
2021-01-07,54.38,409.481408042907
2021-01-06,53.92,406.017586212158
2021-01-05,53.6,403.607988510131
2021-01-04,51.3,386.288994255065
2021-01-01,51.8,390.053994255065
2020-12-31,51.8,390.053994255065
2020-12-30,51.34,386.590201148986
2020-12-29,51.16,385.234798851013
2020-12-28,50.86,382.975804595947
2020-12-25,51.29,386.21370689392
2020-12-24,51.29,386.21370689392
2020-12-23,51.2,385.536005744934
2020-12-22,50.08,377.102413787841
2020-12-21,50.91,383.352298851013
2020-12-18,52.26,393.517787361145
2020-12-17,51.5,387.795
2020-12-16,51.05,384.406494255065
2020-12-15,50.7,381.771005744934
2020-12-14,50.29,378.6837
2020-12-11,49.97,376.2741
2020-12-10,50.25,378.3825
2020-12-09,48.86,367.9158
2020-12-08,48.84,367.765201148986
2020-12-07,48.79,367.38870689392
2020-12-04,49.25,370.8525
2020-12-03,48.71,366.786293106079
2020-12-02,48.25,363.3225
2020-12-01,47.42,357.072586212158
2020-11-30,47.54,357.97620689392
2020-11-27,48.18,362.795402297973
2020-11-26,47.87,360.461091957092
2020-11-25,48.53,365.430890808105
2020-11-24,47.86,360.385804595947
2020-11-23,46.06,346.831810340881
2020-11-20,44.66,336.289798851013
2020-11-19,44.2,332.826005744934
2020-11-18,44.45,334.708505744934
2020-11-17,43.9,330.567011489868
2020-11-16,43.8,329.813994255065
2020-11-13,42.78,322.133390808105
2020-11-12,43.53,327.780890808105
2020-11-11,43.8,329.813994255065
2020-11-10,43.61,328.383304595947
2020-11-09,42.4,319.272011489868
2020-11-06,39.45,297.058505744934
2020-11-05,40.93,308.202902297973
2020-11-04,40.63,305.943908042907
2020-11-03,39.71,299.016293106079
2020-11-02,39.08,294.272413787841
2020-10-30,37.46,282.073793106079
2020-10-29,37.65,283.504511489868
2020-10-28,39.12,294.573591957092
2020-10-27,39.57,297.962097702026
2020-10-26,40.46,304.663793106079
2020-10-23,41.53,312.720890808105
2020-10-22,42.64,321.079195404052
2020-10-21,41.64,313.549195404052
2020-10-20,43.16,324.994798851013
2020-10-19,42.98,323.639396553039
2020-10-16,42.93,323.262902297973
2020-10-15,43.06,324.241810340881
2020-10-14,43.31,326.124310340881
2020-10-13,42.44,319.573189659118
2020-10-12,41.64,313.549195404052
2020-10-09,42.85,322.660488510131
2020-10-08,43.34,326.350201148986
2020-10-07,41.99,316.184712638855
2020-10-06,42.69,321.455689659118
2020-10-05,41.29,310.91370689392
2020-10-02,39.81,299.769310340881
2020-10-01,40.93,308.202902297973
2020-09-30,41.86,315.205804595947
2020-09-29,40.83,307.449913787841
2020-09-28,42.43,319.497902297973
2020-09-25,41.73,314.226896553039
2020-09-24,41.94,315.808189659118
2020-09-23,41.77,314.52810344696
2020-09-22,41.71,314.076293106079
2020-09-21,39.31,296.004310340881
2020-09-18,43.15,324.919511489868
2020-09-17,43.3,326.048994255065
2020-09-16,42.22,317.916609191894
2020-09-15,40.53,305.190890808105
2020-09-14,39.48,297.284396553039
2020-09-11,39.83,299.919913787841
2020-09-10,40.54,305.26620689392
2020-09-09,40.99,308.654712638855
2020-09-08,39.78,299.543390808105
2020-09-07,42.03,316.485890808105
2020-09-04,42.66,321.229798851013
2020-09-03,44.13,332.298908042907
2020-09-02,44.43,334.557902297973
2020-09-01,45.58,343.217413787841
2020-08-31,45.28,340.958390808105
2020-08-28,45.05,339.226494255065
2020-08-27,45.09,339.527701148986
2020-08-26,45.64,343.669195404052
2020-08-25,45.86,345.325804595947
2020-08-24,45.13,339.828908042907
2020-08-21,44.35,333.955488510131
2020-08-20,44.13,332.298908042907
2020-08-19,45.33,341.334913787841
2020-08-18,45.46,342.313793106079
2020-08-17,45.37,341.636091957092
2020-08-14,44.8,337.343994255065
2020-08-13,44.96,338.548793106079
2020-08-12,45.43,342.087902297973
2020-08-11,44.5,335.085
2020-08-10,44.99,338.774712638854
2020-08-07,44.4,334.332011489868
2020-08-06,45.6,343.367988510131
2020-08-05,45.17,340.130086212158
2020-08-04,43.78,329.663390808105
2020-08-03,44.38,334.181408042907
2020-07-31,43.18,325.145402297973
2020-07-30,42.94,323.338189659118
2020-07-29,43.67,328.835086212158
2020-07-28,43.22,325.446609191894
2020-07-27,43.41,326.877298851013
2020-07-24,43.34,326.350201148986
2020-07-23,43.76,329.512787361145
2020-07-22,44.29,333.50370689392
2020-07-21,44.32,333.729597702026
2020-07-20,40.81,307.299310340881
2020-07-17,43.14,324.844195404052
2020-07-16,43.37,326.576091957092
2020-07-15,43.65,328.684511489868
2020-07-14,42.9,323.037011489868
2020-07-13,43.23,325.521896553039
2020-07-10,43.24,325.597212638855
2020-07-09,42.35,318.895488510131
2020-07-08,43.29,325.97370689392
2020-07-07,43.08,324.392413787841
2020-07-06,43.1,324.542988510131
2020-07-03,42.76,321.982787361145
2020-07-02,43.14,324.844195404052
2020-07-01,42.03,316.485890808105
2020-06-30,41.27,310.76310344696
2020-06-29,41.71,314.076293106079
2020-06-26,40.91,308.052298851013
2020-06-25,41.05,309.106494255065
2020-06-24,40.29,303.38370689392
2020-06-23,42.63,321.003908042907
2020-06-22,43.08,324.392413787841
2020-06-19,42.12,317.163591957092
2020-06-18,41.51,312.570287361145
2020-06-17,40.71,306.546293106079
2020-06-16,40.92,308.127586212158
2020-06-15,39.73,299.166896553039
2020-06-12,38.73,291.636896553039
2020-06-11,38.51,289.980287361145
2020-06-10,41.52,312.64560344696
2020-06-09,41.18,310.085402297973
2020-06-08,40.8,307.223994255065
2020-06-05,42.3,318.518994255065
2020-06-04,39.85,300.070488510131
2020-06-03,39.79,299.61870689392
2020-06-02,39.36,296.380804595947
2020-06-01,38.32,288.549597702026
2020-05-29,35.33,266.034913787841
2020-05-28,35.29,265.73370689392
2020-05-27,34.52,259.93560344696
2020-05-26,36.17,272.360086212158
2020-05-22,35.13,264.528908042907
2020-05-21,36.06,271.531810340881
2020-05-20,35.75,269.1975
2020-05-19,34.65,260.914511489868
2020-05-18,34.81,262.119310340881
2020-05-15,32.5,244.725
2020-05-14,31.13,234.408893680572
2020-05-13,29.19,219.800704021453
2020-05-12,29.98,225.749396553039
2020-05-11,29.6,222.888002872467
2020-05-08,30.97,233.204094829559
2020-05-07,29.46,221.833793106079
2020-05-06,29.72,223.791594829559
2020-05-05,30.97,233.204094829559
2020-05-04,26.72,201.201594829559
2020-05-01,26.31,198.114295978546
2020-04-30,25.27,190.28310344696
2020-04-29,22.54,169.72620689392
2020-04-28,20.46,154.063793106079
2020-04-27,19.99,150.524698276519
2020-04-24,21.44,161.443204021453
2020-04-23,21.33,160.614899425506
2020-04-22,20.37,153.386106319427
2020-04-21,19.33,145.554899425506
2020-04-20,25.57,192.542097702026
2020-04-17,28.26,212.79780172348
2020-04-16,27.82,209.484597702026
2020-04-15,27.69,208.505704021453
2020-04-14,29.6,222.888002872467
2020-04-13,31.82,239.604597702026
2020-04-09,31.48,237.044396553039
2020-04-08,32.84,247.285201148986
2020-04-07,31.87,239.981106319427
2020-04-06,33.05,248.866494255065
2020-04-03,34.11,256.848304595947
2020-04-02,29.94,225.448204021453
2020-04-01,25.36,190.960804595947
2020-03-31,22.72,171.081594829559
2020-03-30,22.76,171.38280172348
2020-03-27,24.93,187.722902297973
2020-03-26,26.34,198.340201148986
2020-03-25,27.39,206.246695404052
2020-03-24,27.15,204.439497127532
2020-03-23,27.03,203.53590517044
2020-03-20,26.98,203.159396553039
2020-03-19,28.47,214.379094829559
2020-03-18,24.88,187.346393680572
2020-03-17,28.73,216.336896553039
2020-03-16,30.05,226.276494255065
2020-03-13,34.04,256.32120689392
2020-03-12,33.22,250.146609191894
2020-03-11,35.79,269.49870689392
2020-03-10,37.22,280.266609191894
2020-03-09,34.36,258.730804595947
2020-03-06,45.27,340.88310344696
2020-03-05,49.99,376.424712638855
2020-03-04,51.13,385.008908042907
2020-03-03,51.86,390.505804595947
2020-03-02,51.9,390.807011489868
2020-02-28,50.52,380.41560344696
2020-02-27,52.18,392.915402297973
2020-02-26,53.43,402.327902297973
2020-02-25,54.95,413.773505744934
2020-02-24,56.3,423.938994255065
2020-02-21,58.46,440.203793106079
2020-02-20,59.31,446.604310340881
2020-02-19,59.12,445.173591957092
2020-02-18,57.75,434.8575
2020-02-14,57.23,430.941896553039
2020-02-13,56.34,424.240201148986
2020-02-12,55.79,420.09870689392
2020-02-11,54.01,406.695287361145
2020-02-10,53.27,401.12310344696
2020-02-07,54.5,410.385
2020-02-06,54.93,413.622902297973
2020-02-05,55.28,416.258390808105
2020-02-04,53.96,406.318793106079
2020-02-03,54.45,410.008505744934
2020-01-31,58.16,437.944798851013
2020-01-30,58.29,438.92370689392
2020-01-29,59.81,450.369310340881
2020-01-28,59.51,448.110287361145
2020-01-27,59.32,446.679597702026
2020-01-24,60.69,456.995689659118
2020-01-23,62.04,467.16120689392
2020-01-22,63.21,475.971293106079
2020-01-21,64.59,486.362672424316
2020-01-20,65.2,490.955977020263
2020-01-17,64.85,488.320488510131
2020-01-16,64.62,486.588620681762
2020-01-15,64,481.92
2020-01-14,64.49,485.609683914184
2020-01-13,64.2,483.425977020263
2020-01-10,64.98,489.29942527771
2020-01-09,65.37,492.236120681762
2020-01-08,65.44,492.763218383789
2020-01-07,68.27,514.07307472229
2020-01-06,68.91,518.892327575683
2020-01-03,68.6,516.557988510131
2020-01-02,66.25,498.8625
2019-12-31,66,496.98
2019-12-30,68.44,515.353218383789
2019-12-27,68.16,513.244827575683
2019-12-26,67.92,511.437586212158
2019-12-24,67.2,506.015977020263
2019-12-23,66.14,498.034195404052
2019-12-20,66.14,498.034195404052
2019-12-19,66.54,501.04620689392
2019-12-18,66.17,498.260086212158
2019-12-17,66.1,497.732988510131
2019-12-16,65.34,492.010172424316
2019-12-13,65.22,491.106609191894
2019-12-12,64.2,483.425977020263
2019-12-11,63.72,479.811609191894
2019-12-10,64.34,484.480172424316
2019-12-09,64.25,483.8025
2019-12-06,64.38,484.781379318237
2019-12-05,63.39,477.326695404052
2019-12-04,63,474.39
2019-12-03,60.82,457.974597702026
2019-12-02,60.92,458.727586212158
2019-11-29,62.43,470.097902297973
2019-11-28,63.92,481.317586212158
2019-11-27,64.06,482.37178161621
2019-11-26,64.27,483.95307472229
2019-11-25,63.65,479.284511489868
2019-11-22,63.39,477.326695404052
2019-11-21,62.81,472.959310340881
2019-11-20,62.4,469.872011489868
2019-11-19,60.91,458.652298851013
2019-11-18,62.35,469.495488510131
2019-11-15,63.3,476.648994255065
2019-11-14,62.4,469.872011489868
2019-11-13,62.37,469.646091957092
2019-11-12,62.06,467.311810340881
2019-11-11,62.18,468.215402297973
2019-11-08,62.51,470.700287361145
2019-11-07,62.29,469.04370689392
2019-11-06,61.74,464.902212638855
2019-11-05,62.96,474.088793106079
2019-11-04,62.13,467.838908042907
2019-11-01,61.69,464.525689659118
2019-10-31,60.23,453.531896553039
2019-10-30,60.61,456.393304595947
2019-10-29,61.59,463.772701148986
2019-10-28,61.57,463.622097702026
2019-10-25,62.02,467.01060344696
2019-10-24,61.67,464.375086212158
2019-10-23,61.17,460.610086212158
2019-10-22,59.7,449.541005744934
2019-10-21,58.96,443.968793106079
2019-10-18,59.42,447.432586212158
2019-10-17,59.91,451.122298851013
2019-10-16,59.42,447.432586212158
2019-10-15,58.74,442.312212638855
2019-10-14,59.35,446.905488510131
2019-10-11,60.51,455.640287361145
2019-10-10,59.1,445.022988510131
2019-10-09,58.32,439.149597702026
2019-10-08,58.24,438.547212638855
2019-10-07,58.35,439.375488510131
2019-10-04,58.37,439.526091957092
2019-10-03,57.68,434.330402297973
2019-10-02,57.69,434.405689659118
2019-10-01,58.89,443.441695404052
2019-09-30,60.78,457.673390808105
2019-09-27,61.91,466.182298851013
2019-09-26,62.74,472.432212638855
2019-09-25,62.39,469.796695404052
2019-09-24,63.1,475.142988510131
2019-09-23,64.77,487.71807472229
2019-09-20,64.28,484.028390808105
2019-09-19,64.4,484.932011489868
2019-09-18,63.6,478.907988510131
2019-09-17,64.55,486.061522979736
2019-09-16,69.02,519.72057472229
2019-09-13,60.22,453.456609191894
2019-09-12,60.38,454.661408042907
2019-09-11,60.81,457.899310340881
2019-09-10,62.38,469.721408042907
2019-09-09,62.59,471.302701148986
2019-09-06,61.54,463.39620689392
2019-09-05,60.95,458.953505744934
2019-09-04,60.7,457.071005744934
2019-09-03,58.26,438.697787361145
2019-09-02,58.66,441.709798851013
2019-08-30,60.43,455.037902297973
2019-08-29,61.08,459.932413787841
2019-08-28,60.49,455.489712638855
2019-08-27,59.51,448.110287361145
2019-08-26,58.7,442.011005744934
2019-08-23,59.4,447.282011489868
2019-08-22,59.92,451.197586212158
2019-08-21,60.3,454.058994255065
2019-08-20,60.03,452.026
2019-08-19,59.74,449.842
2019-08-16,58.64,441.559
2019-08-15,58.23,438.472
2019-08-14,59.48,447.884
2019-08-13,61.3,461.589
2019-08-12,58.57,441.032
2019-08-09,58.53,440.731
2019-08-08,57.38,432.071
2019-08-07,56.23,423.412
2019-08-06,58.94,443.818
2019-08-05,59.81,450.369
2019-08-02,61.89,466.032
2019-08-01,60.5,455.565
2019-07-31,65.17,490.73
2019-07-30,64.72,487.342
2019-07-29,63.71,479.736
2019-07-26,63.46,477.854
2019-07-25,63.39,477.327
2019-07-24,63.18,475.745
2019-07-23,63.83,480.64
2019-07-22,63.26,476.348
2019-07-19,62.47,470.399
2019-07-18,61.93,466.333
2019-07-17,63.66,479.36
2019-07-16,64.35,484.555
2019-07-15,66.48,500.594
2019-07-12,66.89,503.682
2019-07-11,66.61,501.573
2019-07-10,67.04,504.811
2019-07-09,64.16,483.125
2019-07-08,64.11,482.748
2019-07-05,64.23,483.652
2019-07-04,63.51,478.23
2019-07-03,63.82,480.565
2019-07-02,62.4,469.872
2019-07-01,65.06,489.902
2019-06-28,64.74,487.492
2019-06-27,66.55,501.122
2019-06-26,66.49,500.67
2019-06-25,65.18,490.805
2019-06-24,64.86,488.396
2019-06-21,65.2,490.956
2019-06-20,64.61,486.513
2019-06-19,62.14,467.914
2019-06-18,62.14,467.914
2019-06-17,60.94,458.878
2019-06-14,62.01,466.935
2019-06-13,61.31,461.664
2019-06-12,59.97,451.574
2019-06-11,62.29,469.044
2019-06-10,62.29,469.044
2019-06-07,63.33,476.875
2019-06-06,61.67,464.375
2019-06-05,60.63,456.544
2019-06-04,61.97,466.634
2019-06-03,61.28,461.438
2019-05-31,64.49,485.61
2019-05-30,66.31,499.314
2019-05-29,69.45,522.958
2019-05-28,70.11,527.928
2019-05-27,70.11,527.928
2019-05-24,67.69,509.706
2019-05-23,67.76,510.233
2019-05-22,70.99,534.555
2019-05-21,72.18,543.515
2019-05-20,71.97,541.934
2019-05-17,72.21,543.741
2019-05-16,72.62,546.829
2019-05-15,71.77,540.428
2019-05-14,71.39,537.567
2019-05-13,70.23,528.832
2019-05-10,70.62,531.769
2019-05-09,70.39,530.037
2019-05-08,70.37,529.886
2019-05-07,69.88,526.196
2019-05-06,71.24,536.437
2019-05-03,70.85,533.5
2019-05-02,70.75,532.748
2019-05-01,72.18,543.515
2019-04-30,72.8,548.184
2019-04-29,72.04,542.461
2019-04-26,72.15,543.29
2019-04-25,74.35,559.855
2019-04-24,74.57,561.512
2019-04-23,74.51,561.06
2019-04-22,74.04,557.521
2019-04-18,71.97,541.934
2019-04-17,71.62,539.299
2019-04-16,71.72,540.052
2019-04-15,71.18,535.985
2019-04-12,71.55,538.772
2019-04-11,70.86,533.576
2019-04-10,71.73,540.127
2019-04-09,70.61,531.693
2019-04-08,71.1,535.383
2019-04-05,70.34,529.66
2019-04-04,69.4,522.582
2019-04-03,69.31,521.904
2019-04-02,69.5,523.335
2019-04-01,69.01,519.645
2019-03-29,68.39,514.977
2019-03-28,67.82,510.685
2019-03-27,67.83,510.76
2019-03-26,67.97,511.814
2019-03-25,67.21,506.091
2019-03-22,66.96,504.209
2019-03-21,67.86,510.986
2019-03-20,68.5,515.805
2019-03-19,67.61,509.103
2019-03-18,67.54,508.576
2019-03-15,67,504.51
2019-03-14,67.23,506.242
2019-03-13,67.55,508.652
2019-03-12,66.67,502.025
2019-03-11,66.69,502.176
2019-03-08,65.74,495.022
2019-03-07,66.3,499.239
2019-03-06,65.99,496.905
2019-03-05,65.86,495.926
2019-03-04,65.67,494.495
2019-03-01,65.07,489.977
2019-02-28,66.03,497.206
2019-02-27,66.4,499.992
2019-02-26,65.21,491.031
2019-02-25,64.76,487.643
2019-02-22,66.12,497.884
2019-02-21,67.07,505.037
2019-02-20,67.08,505.112
2019-02-19,66.45,500.368
2019-02-18,66.41,500.067
2019-02-15,66.25,498.863
2019-02-14,64.57,486.212
2019-02-13,63.61,478.983
2019-02-12,62.42,470.023
2019-02-11,61.51,463.17
2019-02-08,62.1,467.613
2019-02-07,61.63,464.074
2019-02-06,62.69,472.056
2019-02-05,61.98,466.709
2019-02-04,62.51,470.7
2019-02-01,62.75,472.508
2019-01-31,61.89,466.032
2019-01-30,61.65,464.225
2019-01-29,61.32,461.74
2019-01-28,59.93,451.273
2019-01-25,61.64,464.149
2019-01-24,61.09,460.008
2019-01-23,61.14,460.384
2019-01-22,61.5,463.095
2019-01-21,62.83,473.11
2019-01-18,62.7,472.131
2019-01-17,61.18,460.685
2019-01-16,61.32,461.74
2019-01-15,60.64,456.619
2019-01-14,58.99,444.195
2019-01-11,60.48,455.414
2019-01-10,61.68,464.45
2019-01-09,61.44,462.643
2019-01-08,58.72,442.162
2019-01-07,57.33,431.695
2019-01-04,57.06,429.662
2019-01-03,55.95,421.304
2019-01-02,54.91,413.472
