Date,SINGAPORE LNG,NINGBO LNG,SHANGHAI LNG,PORTKLANG LNG,HOCHIMINH LNG
2026-08-05,1329.14,1319.14,1319.14,1354.14,1389.14
2026-08-04,1329.14,1319.14,1319.14,1354.14,1389.14
2026-08-03,1329.14,1319.14,1319.14,1354.14,1389.14
2026-07-31,1297.19,1287.19,1287.19,1322.19,1357.19
2026-07-30,1297.19,1287.19,1287.19,1322.19,1357.19
2026-07-29,1297.19,1287.19,1287.19,1322.19,1357.19
2026-07-28,1297.19,1287.19,1287.19,1322.19,1357.19
2026-07-27,1297.19,1287.19,1287.19,1322.19,1357.19
2026-07-24,1297.19,1287.19,1287.19,1322.19,1357.19
2026-07-23,1297.19,1287.19,1287.19,1322.19,1357.19
2026-07-22,1297.19,1287.19,1287.19,1322.19,1357.19
2026-07-21,1297.19,1287.19,1287.19,1322.19,1357.19
2026-07-20,1297.19,1287.19,1287.19,1322.19,1357.19
2026-07-17,1297.19,1287.19,1287.19,1322.19,1357.19
2026-07-16,1297.19,1287.19,1287.19,1322.19,1357.19
2026-07-15,1297.19,1287.19,1287.19,1322.19,1357.19
2026-07-14,1297.19,1287.19,1287.19,1322.19,1357.19
2026-07-13,1297.19,1287.19,1287.19,1322.19,1357.19
2026-07-10,1297.19,1287.19,1287.19,1322.19,1357.19
2026-07-09,1297.19,1287.19,1287.19,1322.19,1357.19
2026-07-08,1297.19,1287.19,1287.19,1322.19,1357.19
2026-07-07,1297.19,1287.19,1287.19,1322.19,1357.19
2026-07-06,1297.19,1287.19,1287.19,1322.19,1357.19
2026-07-03,1297.19,1287.19,1287.19,1322.19,1357.19
2026-07-02,1297.19,1287.19,1287.19,1322.19,1357.19
2026-07-01,1297.19,1287.19,1287.19,1322.19,1357.19
2026-06-30,1266.28,1256.28,1256.28,1291.28,1326.28
2026-06-29,1266.28,1256.28,1256.28,1291.28,1326.28
2026-06-26,1266.28,1256.28,1256.28,1291.28,1326.28
2026-06-25,1266.28,1256.28,1256.28,1291.28,1326.28
2026-06-24,1266.28,1256.28,1256.28,1291.28,1326.28
2026-06-23,1266.28,1256.28,1256.28,1291.28,1326.28
2026-06-22,1266.28,1256.28,1256.28,1291.28,1326.28
2026-06-19,1266.28,1256.28,1256.28,1291.28,1326.28
2026-06-18,1266.28,1256.28,1256.28,1291.28,1326.28
2026-06-17,1266.28,1256.28,1256.28,1291.28,1326.28
2026-06-16,1266.28,1256.28,1256.28,1291.28,1326.28
2026-06-15,1266.28,1256.28,1256.28,1291.28,1326.28
2026-06-12,1266.28,1256.28,1256.28,1291.28,1326.28
2026-06-11,1266.28,1256.28,1256.28,1291.28,1326.28
2026-06-10,1266.28,1256.28,1256.28,1291.28,1326.28
2026-06-09,1266.28,1256.28,1256.28,1291.28,1326.28
2026-06-08,1266.28,1256.28,1256.28,1291.28,1326.28
2026-06-05,1266.28,1256.28,1256.28,1291.28,1326.28
2026-06-04,1266.28,1256.28,1256.28,1291.28,1326.28
2026-06-03,1266.28,1256.28,1256.28,1291.28,1326.28
2026-06-02,1266.28,1256.28,1256.28,1291.28,1326.28
2026-06-01,1266.28,1256.28,1256.28,1291.28,1326.28
2026-05-29,1234.33,1224.33,1224.33,1259.33,1294.33
2026-05-28,1234.33,1224.33,1224.33,1259.33,1294.33
2026-05-27,1234.33,1224.33,1224.33,1259.33,1294.33
2026-05-26,1234.33,1224.33,1224.33,1259.33,1294.33
2026-05-25,1234.33,1224.33,1224.33,1259.33,1294.33
2026-05-22,1234.33,1224.33,1224.33,1259.33,1294.33
2026-05-21,1234.33,1224.33,1224.33,1259.33,1294.33
2026-05-20,1234.33,1224.33,1224.33,1259.33,1294.33
2026-05-19,1234.33,1224.33,1224.33,1259.33,1294.33
2026-05-18,1234.33,1224.33,1224.33,1259.33,1294.33
2026-05-15,1234.33,1224.33,1224.33,1259.33,1294.33
2026-05-14,1234.33,1224.33,1224.33,1259.33,1294.33
2026-05-13,1234.33,1224.33,1224.33,1259.33,1294.33
2026-05-12,1234.33,1224.33,1224.33,1259.33,1294.33
2026-05-11,1234.33,1224.33,1224.33,1259.33,1294.33
2026-05-08,1234.33,1224.33,1224.33,1259.33,1294.33
2026-05-07,1234.33,1224.33,1224.33,1259.33,1294.33
2026-05-06,1234.33,1224.33,1224.33,1259.33,1294.33
2026-05-05,1234.33,1224.33,1224.33,1259.33,1294.33
2026-05-04,1234.33,1224.33,1224.33,1259.33,1294.33
2026-05-01,1234.33,1224.33,1224.33,1259.33,1294.33
2026-04-30,1201.61,1191.61,1191.61,1226.61,1261.61
2026-04-29,1201.61,1191.61,1191.61,1226.61,1261.61
2026-04-28,1201.61,1191.61,1191.61,1226.61,1261.61
2026-04-27,1201.61,1191.61,1191.61,1226.61,1261.61
2026-04-24,1201.61,1191.61,1191.61,1226.61,1261.61
2026-04-23,1201.61,1191.61,1191.61,1226.61,1261.61
2026-04-22,1201.61,1191.61,1191.61,1226.61,1261.61
2026-04-21,1201.61,1191.61,1191.61,1226.61,1261.61
2026-04-20,1201.61,1191.61,1191.61,1226.61,1261.61
2026-04-17,1201.61,1191.61,1191.61,1226.61,1261.61
2026-04-16,1201.61,1191.61,1191.61,1226.61,1261.61
2026-04-15,1201.61,1191.61,1191.61,1226.61,1261.61
2026-04-14,1201.61,1191.61,1191.61,1226.61,1261.61
2026-04-13,1201.61,1191.61,1191.61,1226.61,1261.61
2026-04-10,1201.61,1191.61,1191.61,1226.61,1261.61
2026-04-09,1201.61,1191.61,1191.61,1226.61,1261.61
2026-04-08,1201.61,1191.61,1191.61,1226.61,1261.61
2026-04-07,1201.61,1191.61,1191.61,1226.61,1261.61
2026-04-06,1201.61,1191.61,1191.61,1226.61,1261.61
2026-04-03,1201.61,1191.61,1191.61,1226.61,1261.61
2026-04-02,1201.61,1191.61,1191.61,1226.61,1261.61
2026-04-01,1201.61,1191.61,1191.61,1226.61,1261.61
2026-03-31,1165.67,1155.67,1155.67,1190.67,1225.67
2026-03-30,1165.67,1155.67,1155.67,1190.67,1225.67
2026-03-27,1165.67,1155.67,1155.67,1190.67,1225.67
2026-03-26,1165.67,1155.67,1155.67,1190.67,1225.67
2026-03-25,1165.67,1155.67,1155.67,1190.67,1225.67
2026-03-24,1165.67,1155.67,1155.67,1190.67,1225.67
2026-03-23,1165.67,1155.67,1155.67,1190.67,1225.67
2026-03-20,1165.67,1155.67,1155.67,1190.67,1225.67
2026-03-19,1165.67,1155.67,1155.67,1190.67,1225.67
2026-03-18,1165.67,1155.67,1155.67,1190.67,1225.67
2026-03-17,1165.67,1155.67,1155.67,1190.67,1225.67
2026-03-16,1165.67,1155.67,1155.67,1190.67,1225.67
2026-03-13,1165.67,1155.67,1155.67,1190.67,1225.67
2026-03-12,1165.67,1155.67,1155.67,1190.67,1225.67
2026-03-11,1165.67,1155.67,1155.67,1190.67,1225.67
2026-03-10,1165.67,1155.67,1155.67,1190.67,1225.67
2026-03-09,1165.67,1155.67,1155.67,1190.67,1225.67
2026-03-06,1165.67,1155.67,1155.67,1190.67,1225.67
2026-03-05,1165.67,1155.67,1155.67,1190.67,1225.67
2026-03-04,1165.67,1155.67,1155.67,1190.67,1225.67
2026-03-03,1165.67,1155.67,1155.67,1190.67,1225.67
2026-03-02,1165.67,1155.67,1155.67,1190.67,1225.67
2026-02-27,1133.21,1123.21,1123.21,1158.21,1193.21
2026-02-26,1133.21,1123.21,1123.21,1158.21,1193.21
2026-02-25,1133.21,1123.21,1123.21,1158.21,1193.21
2026-02-24,1133.21,1123.21,1123.21,1158.21,1193.21
2026-02-23,1133.21,1123.21,1123.21,1158.21,1193.21
2026-02-20,1133.21,1123.21,1123.21,1158.21,1193.21
2026-02-19,1133.21,1123.21,1123.21,1158.21,1193.21
2026-02-18,1133.21,1123.21,1123.21,1158.21,1193.21
2026-02-17,1133.21,1123.21,1123.21,1158.21,1193.21
2026-02-16,1133.21,1123.21,1123.21,1158.21,1193.21
2026-02-13,1133.21,1123.21,1123.21,1158.21,1193.21
2026-02-12,1133.21,1123.21,1123.21,1158.21,1193.21
2026-02-11,1133.21,1123.21,1123.21,1158.21,1193.21
2026-02-10,1133.21,1123.21,1123.21,1158.21,1193.21
2026-02-09,1133.21,1123.21,1123.21,1158.21,1193.21
2026-02-06,1133.21,1123.21,1123.21,1158.21,1193.21
2026-02-05,1133.21,1123.21,1123.21,1158.21,1193.21
2026-02-04,1133.21,1123.21,1123.21,1158.21,1193.21
2026-02-03,1133.21,1123.21,1123.21,1158.21,1193.21
2026-02-02,1133.21,1123.21,1123.21,1158.21,1193.21
2026-01-30,1097.27,1087.27,1087.27,1122.27,1157.27
2026-01-29,1097.27,1087.27,1087.27,1122.27,1157.27
2026-01-28,1097.27,1087.27,1087.27,1122.27,1157.27
2026-01-27,1097.27,1087.27,1087.27,1122.27,1157.27
2026-01-26,1097.27,1087.27,1087.27,1122.27,1157.27
2026-01-23,1097.27,1087.27,1087.27,1122.27,1157.27
2026-01-22,1097.27,1087.27,1087.27,1122.27,1157.27
2026-01-21,1097.27,1087.27,1087.27,1122.27,1157.27
2026-01-20,1097.27,1087.27,1087.27,1122.27,1157.27
2026-01-19,1097.27,1087.27,1087.27,1122.27,1157.27
2026-01-16,1097.27,1087.27,1087.27,1122.27,1157.27
2026-01-15,1097.27,1087.27,1087.27,1122.27,1157.27
2026-01-14,1097.27,1087.27,1087.27,1122.27,1157.27
2026-01-13,1097.27,1087.27,1087.27,1122.27,1157.27
2026-01-12,1097.27,1087.27,1087.27,1122.27,1157.27
2026-01-09,1097.27,1087.27,1087.27,1122.27,1157.27
2026-01-08,1097.27,1087.27,1087.27,1122.27,1157.27
2026-01-07,1097.27,1087.27,1087.27,1122.27,1157.27
2026-01-06,1097.27,1087.27,1087.27,1122.27,1157.27
2026-01-05,1097.27,1087.27,1087.27,1122.27,1157.27
2026-01-02,1097.27,1087.27,1087.27,1122.27,1157.27
2026-01-01,1097.27,1087.27,1087.27,1122.27,1157.27
2025-12-31,1061.33,1051.33,1051.33,1086.33,1121.33
2025-12-30,1061.33,1051.33,1051.33,1086.33,1121.33
2025-12-29,1061.33,1051.33,1051.33,1086.33,1121.33
2025-12-26,1061.33,1051.33,1051.33,1086.33,1121.33
2025-12-25,1061.33,1051.33,1051.33,1086.33,1121.33
2025-12-24,1061.33,1051.33,1051.33,1086.33,1121.33
2025-12-23,1061.33,1051.33,1051.33,1086.33,1121.33
2025-12-22,1061.33,1051.33,1051.33,1086.33,1121.33
2025-12-19,1061.33,1051.33,1051.33,1086.33,1121.33
2025-12-18,1061.33,1051.33,1051.33,1086.33,1121.33
2025-12-17,1061.33,1051.33,1051.33,1086.33,1121.33
2025-12-16,1061.33,1051.33,1051.33,1086.33,1121.33
2025-12-15,1061.33,1051.33,1051.33,1086.33,1121.33
2025-12-12,1061.33,1051.33,1051.33,1086.33,1121.33
2025-12-11,1061.33,1051.33,1051.33,1086.33,1121.33
2025-12-10,1061.33,1051.33,1051.33,1086.33,1121.33
2025-12-09,1061.33,1051.33,1051.33,1086.33,1121.33
2025-12-08,1061.33,1051.33,1051.33,1086.33,1121.33
2025-12-05,1061.33,1051.33,1051.33,1086.33,1121.33
2025-12-04,1061.33,1051.33,1051.33,1086.33,1121.33
2025-12-03,1061.33,1051.33,1051.33,1086.33,1121.33
2025-12-02,1061.33,1051.33,1051.33,1086.33,1121.33
2025-12-01,1061.33,1051.33,1051.33,1086.33,1121.33
2025-11-28,1026.54,1016.54,1016.54,1051.54,1086.54
2025-11-27,1026.54,1016.54,1016.54,1051.54,1086.54
2025-11-26,1026.54,1016.54,1016.54,1051.54,1086.54
2025-11-25,1026.54,1016.54,1016.54,1051.54,1086.54
2025-11-24,1026.54,1016.54,1016.54,1051.54,1086.54
2025-11-21,1026.54,1016.54,1016.54,1051.54,1086.54
2025-11-20,1026.54,1016.54,1016.54,1051.54,1086.54
2025-11-19,1026.54,1016.54,1016.54,1051.54,1086.54
2025-11-18,1026.54,1016.54,1016.54,1051.54,1086.54
2025-11-17,1026.54,1016.54,1016.54,1051.54,1086.54
2025-11-14,1026.54,1016.54,1016.54,1051.54,1086.54
2025-11-13,1026.54,1016.54,1016.54,1051.54,1086.54
2025-11-12,1026.54,1016.54,1016.54,1051.54,1086.54
2025-11-11,1026.54,1016.54,1016.54,1051.54,1086.54
2025-11-10,1026.54,1016.54,1016.54,1051.54,1086.54
2025-11-07,1026.54,1016.54,1016.54,1051.54,1086.54
2025-11-06,1026.54,1016.54,1016.54,1051.54,1086.54
2025-11-05,1026.54,1016.54,1016.54,1051.54,1086.54
2025-11-04,1026.54,1016.54,1016.54,1051.54,1086.54
2025-11-03,1026.54,1016.54,1016.54,1051.54,1086.54
2025-10-31,990.6,980.6,980.6,1015.6,1050.6
2025-10-30,990.6,980.6,980.6,1015.6,1050.6
2025-10-29,990.6,980.6,980.6,1015.6,1050.6
2025-10-28,990.6,980.6,980.6,1015.6,1050.6
2025-10-27,990.6,980.6,980.6,1015.6,1050.6
2025-10-24,990.6,980.6,980.6,1015.6,1050.6
2025-10-23,990.6,980.6,980.6,1015.6,1050.6
2025-10-22,990.6,980.6,980.6,1015.6,1050.6
2025-10-21,990.6,980.6,980.6,1015.6,1050.6
2025-10-20,990.6,980.6,980.6,1015.6,1050.6
2025-10-17,990.6,980.6,980.6,1015.6,1050.6
2025-10-16,990.6,980.6,980.6,1015.6,1050.6
2025-10-15,990.6,980.6,980.6,1015.6,1050.6
2025-10-14,990.6,980.6,980.6,1015.6,1050.6
2025-10-13,990.6,980.6,980.6,1015.6,1050.6
2025-10-10,990.6,980.6,980.6,1015.6,1050.6
2025-10-09,990.6,980.6,980.6,1015.6,1050.6
2025-10-08,990.6,980.6,980.6,1015.6,1050.6
2025-10-07,990.6,980.6,980.6,1015.6,1050.6
2025-10-06,990.6,980.6,980.6,1015.6,1050.6
2025-10-03,990.6,980.6,980.6,1015.6,1050.6
2025-10-02,990.6,980.6,980.6,1015.6,1050.6
2025-10-01,990.6,980.6,980.6,1015.6,1050.6
2025-09-30,955.82,945.82,945.82,980.82,1015.82
2025-09-29,955.82,945.82,945.82,980.82,1015.82
2025-09-26,955.82,945.82,945.82,980.82,1015.82
2025-09-25,955.82,945.82,945.82,980.82,1015.82
2025-09-24,955.82,945.82,945.82,980.82,1015.82
2025-09-23,955.82,945.82,945.82,980.82,1015.82
2025-09-22,955.82,945.82,945.82,980.82,1015.82
2025-09-19,955.82,945.82,945.82,980.82,1015.82
2025-09-18,955.82,945.82,945.82,980.82,1015.82
2025-09-17,955.82,945.82,945.82,980.82,1015.82
2025-09-16,955.82,945.82,945.82,980.82,1015.82
2025-09-15,955.82,945.82,945.82,980.82,1015.82
2025-09-12,955.82,945.82,945.82,980.82,1015.82
2025-09-11,955.82,945.82,945.82,980.82,1015.82
2025-09-10,955.82,945.82,945.82,980.82,1015.82
2025-09-09,955.82,945.82,945.82,980.82,1015.82
2025-09-08,955.82,945.82,945.82,980.82,1015.82
2025-09-05,955.82,945.82,945.82,980.82,1015.82
2025-09-04,955.82,945.82,945.82,980.82,1015.82
2025-09-03,955.82,945.82,945.82,980.82,1015.82
2025-09-02,955.82,945.82,945.82,980.82,1015.82
2025-09-01,955.82,945.82,945.82,980.82,1015.82
2025-08-29,919.88,909.88,909.88,944.88,979.88
2025-08-28,919.88,909.88,909.88,944.88,979.88
2025-08-27,919.88,909.88,909.88,944.88,979.88
2025-08-26,919.88,909.88,909.88,944.88,979.88
2025-08-25,919.88,909.88,909.88,944.88,979.88
2025-08-22,919.88,909.88,909.88,944.88,979.88
2025-08-21,919.88,909.88,909.88,944.88,979.88
2025-08-20,919.88,909.88,909.88,944.88,979.88
2025-08-19,919.88,909.88,909.88,944.88,979.88
2025-08-18,919.88,909.88,909.88,944.88,979.88
2025-08-15,919.88,909.88,909.88,944.88,979.88
2025-08-14,919.88,909.88,909.88,944.88,979.88
2025-08-13,919.88,909.88,909.88,944.88,979.88
2025-08-12,919.88,909.88,909.88,944.88,979.88
2025-08-11,919.88,909.88,909.88,944.88,979.88
2025-08-08,919.88,909.88,909.88,944.88,979.88
2025-08-07,919.88,909.88,909.88,944.88,979.88
2025-08-06,919.88,909.88,909.88,944.88,979.88
2025-08-05,919.88,909.88,909.88,944.88,979.88
2025-08-04,919.88,909.88,909.88,944.88,979.88
2025-08-01,919.88,909.88,909.88,944.88,979.88
2025-07-31,883.94,873.94,873.94,908.94,943.94
2025-07-30,883.94,873.94,873.94,908.94,943.94
2025-07-29,883.94,873.94,873.94,908.94,943.94
2025-07-28,883.94,873.94,873.94,908.94,943.94
2025-07-25,883.94,873.94,873.94,908.94,943.94
2025-07-24,883.94,873.94,873.94,908.94,943.94
2025-07-23,883.94,873.94,873.94,908.94,943.94
2025-07-22,883.94,873.94,873.94,908.94,943.94
2025-07-21,883.94,873.94,873.94,908.94,943.94
2025-07-18,883.94,873.94,873.94,908.94,943.94
2025-07-17,883.94,873.94,873.94,908.94,943.94
2025-07-16,883.94,873.94,873.94,908.94,943.94
2025-07-15,883.94,873.94,873.94,908.94,943.94
2025-07-14,883.94,873.94,873.94,908.94,943.94
2025-07-11,883.94,873.94,873.94,908.94,943.94
2025-07-10,883.94,873.94,873.94,908.94,943.94
2025-07-09,883.94,873.94,873.94,908.94,943.94
2025-07-08,883.94,873.94,873.94,908.94,943.94
2025-07-07,883.94,873.94,873.94,908.94,943.94
2025-07-04,883.94,873.94,873.94,908.94,943.94
2025-07-03,883.94,873.94,873.94,908.94,943.94
2025-07-02,883.94,873.94,873.94,908.94,943.94
2025-07-01,883.94,873.94,873.94,908.94,943.94
2025-06-30,849.16,839.16,839.16,874.16,909.16
2025-06-27,849.16,839.16,839.16,874.16,909.16
2025-06-26,849.16,839.16,839.16,874.16,909.16
2025-06-25,849.16,839.16,839.16,874.16,909.16
2025-06-24,849.16,839.16,839.16,874.16,909.16
2025-06-23,849.16,839.16,839.16,874.16,909.16
2025-06-20,849.16,839.16,839.16,874.16,909.16
2025-06-19,849.16,839.16,839.16,874.16,909.16
2025-06-18,849.16,839.16,839.16,874.16,909.16
2025-06-17,849.16,839.16,839.16,874.16,909.16
2025-06-16,849.16,839.16,839.16,874.16,909.16
2025-06-13,849.16,839.16,839.16,874.16,909.16
2025-06-12,849.16,839.16,839.16,874.16,909.16
2025-06-11,849.16,839.16,839.16,874.16,909.16
2025-06-10,849.16,839.16,839.16,874.16,909.16
2025-06-09,849.16,839.16,839.16,874.16,909.16
2025-06-06,849.16,839.16,839.16,874.16,909.16
2025-06-05,849.16,839.16,839.16,874.16,909.16
2025-06-04,849.16,839.16,839.16,874.16,909.16
2025-06-03,849.16,839.16,839.16,874.16,909.16
2025-06-02,849.16,839.16,839.16,874.16,909.16
2025-05-30,813.22,803.22,803.22,838.22,873.22
2025-05-29,813.22,803.22,803.22,838.22,873.22
2025-05-28,813.22,803.22,803.22,838.22,873.22
2025-05-27,813.22,803.22,803.22,838.22,873.22
2025-05-26,813.22,803.22,803.22,838.22,873.22
2025-05-23,813.22,803.22,803.22,838.22,873.22
2025-05-22,813.22,803.22,803.22,838.22,873.22
2025-05-21,813.22,803.22,803.22,838.22,873.22
2025-05-20,813.22,803.22,803.22,838.22,873.22
2025-05-19,813.22,803.22,803.22,838.22,873.22
2025-05-16,813.22,803.22,803.22,838.22,873.22
2025-05-15,813.22,803.22,803.22,838.22,873.22
2025-05-14,813.22,803.22,803.22,838.22,873.22
2025-05-13,813.22,803.22,803.22,838.22,873.22
2025-05-12,813.22,803.22,803.22,838.22,873.22
2025-05-09,813.22,803.22,803.22,838.22,873.22
2025-05-08,813.22,803.22,803.22,838.22,873.22
2025-05-07,813.22,803.22,803.22,838.22,873.22
2025-05-06,813.22,803.22,803.22,838.22,873.22
2025-05-05,813.22,803.22,803.22,838.22,873.22
2025-05-02,813.22,803.22,803.22,838.22,873.22
2025-05-01,813.22,803.22,803.22,838.22,873.22
2025-04-30,778.44,768.44,768.44,803.44,838.44
2025-04-29,778.44,768.44,768.44,803.44,838.44
2025-04-28,778.44,768.44,768.44,803.44,838.44
2025-04-25,778.44,768.44,768.44,803.44,838.44
2025-04-24,778.44,768.44,768.44,803.44,838.44
2025-04-23,778.44,768.44,768.44,803.44,838.44
2025-04-22,778.44,768.44,768.44,803.44,838.44
2025-04-21,778.44,768.44,768.44,803.44,838.44
2025-04-18,778.44,768.44,768.44,803.44,838.44
2025-04-17,778.44,768.44,768.44,803.44,838.44
2025-04-16,778.44,768.44,768.44,803.44,838.44
2025-04-15,778.44,768.44,768.44,803.44,838.44
2025-04-14,778.44,768.44,768.44,803.44,838.44
2025-04-11,778.44,768.44,768.44,803.44,838.44
2025-04-10,778.44,768.44,768.44,803.44,838.44
2025-04-09,778.44,768.44,768.44,803.44,838.44
2025-04-08,778.44,768.44,768.44,803.44,838.44
2025-04-07,778.44,768.44,768.44,803.44,838.44
2025-04-04,778.44,768.44,768.44,803.44,838.44
2025-04-03,778.44,768.44,768.44,803.44,838.44
2025-04-02,778.44,768.44,768.44,803.44,838.44
2025-04-01,778.44,768.44,768.44,803.44,838.44
2025-03-31,801.91,791.91,791.91,826.91,861.91
2025-03-28,801.91,791.91,791.91,826.91,861.91
2025-03-27,801.91,791.91,791.91,826.91,861.91
2025-03-26,801.91,791.91,791.91,826.91,861.91
2025-03-25,801.91,791.91,791.91,826.91,861.91
2025-03-24,801.91,791.91,791.91,826.91,861.91
2025-03-21,801.91,791.91,791.91,826.91,861.91
2025-03-20,801.91,791.91,791.91,826.91,861.91
2025-03-19,801.91,791.91,791.91,826.91,861.91
2025-03-18,801.91,791.91,791.91,826.91,861.91
2025-03-17,801.91,791.91,791.91,826.91,861.91
2025-03-14,801.91,791.91,791.91,826.91,861.91
2025-03-13,801.91,791.91,791.91,826.91,861.91
2025-03-12,801.91,791.91,791.91,826.91,861.91
2025-03-11,801.91,791.91,791.91,826.91,861.91
2025-03-10,801.91,791.91,791.91,826.91,861.91
2025-03-07,801.91,791.91,791.91,826.91,861.91
2025-03-06,801.91,791.91,791.91,826.91,861.91
2025-03-05,801.91,791.91,791.91,826.91,861.91
2025-03-04,801.91,791.91,791.91,826.91,861.91
2025-03-03,801.91,791.91,791.91,826.91,861.91
2025-02-28,823.11,813.11,813.11,848.11,883.11
2025-02-27,823.11,813.11,813.11,848.11,883.11
2025-02-26,823.11,813.11,813.11,848.11,883.11
2025-02-25,823.11,813.11,813.11,848.11,883.11
2025-02-24,823.11,813.11,813.11,848.11,883.11
2025-02-21,823.11,813.11,813.11,848.11,883.11
2025-02-20,823.11,813.11,813.11,848.11,883.11
2025-02-19,823.11,813.11,813.11,848.11,883.11
2025-02-18,823.11,813.11,813.11,848.11,883.11
2025-02-17,823.11,813.11,813.11,848.11,883.11
2025-02-14,823.11,813.11,813.11,848.11,883.11
2025-02-13,823.11,813.11,813.11,848.11,883.11
2025-02-12,823.11,813.11,813.11,848.11,883.11
2025-02-11,823.11,813.11,813.11,848.11,883.11
2025-02-10,823.11,813.11,813.11,848.11,883.11
2025-02-07,823.11,813.11,813.11,848.11,883.11
2025-02-06,823.11,813.11,813.11,848.11,883.11
2025-02-05,823.11,813.11,813.11,848.11,883.11
2025-02-04,823.11,813.11,813.11,848.11,883.11
2025-02-03,823.11,813.11,813.11,848.11,883.11
2025-01-31,821.73,811.73,811.73,846.73,881.73
2025-01-30,821.73,811.73,811.73,846.73,881.73
2025-01-29,821.73,811.73,811.73,846.73,881.73
2025-01-28,821.73,811.73,811.73,846.73,881.73
2025-01-27,821.73,811.73,811.73,846.73,881.73
2025-01-24,821.73,811.73,811.73,846.73,881.73
2025-01-23,821.73,811.73,811.73,846.73,881.73
2025-01-22,821.73,811.73,811.73,846.73,881.73
2025-01-21,821.73,811.73,811.73,846.73,881.73
2025-01-20,821.73,811.73,811.73,846.73,881.73
2025-01-17,821.73,811.73,811.73,846.73,881.73
2025-01-16,821.73,811.73,811.73,846.73,881.73
2025-01-15,821.73,811.73,811.73,846.73,881.73
2025-01-14,821.73,811.73,811.73,846.73,881.73
2025-01-13,821.73,811.73,811.73,846.73,881.73
2025-01-10,821.73,811.73,811.73,846.73,881.73
2025-01-09,821.73,811.73,811.73,846.73,881.73
2025-01-08,821.73,811.73,811.73,846.73,881.73
2025-01-07,821.73,811.73,811.73,846.73,881.73
2025-01-06,821.73,811.73,811.73,846.73,881.73
2025-01-03,821.73,811.73,811.73,846.73,881.73
2025-01-02,821.73,811.73,811.73,846.73,881.73
2024-12-30,810.18,810.18,810.18,835.18,870.18
2024-12-27,810.18,810.18,810.18,835.18,870.18
2024-12-26,810.18,810.18,810.18,835.18,870.18
2024-12-25,810.18,810.18,810.18,835.18,870.18
2024-12-24,810.18,810.18,810.18,835.18,870.18
2024-12-23,810.18,810.18,810.18,835.18,870.18
2024-12-20,810.18,810.18,810.18,835.18,870.18
2024-12-19,810.18,810.18,810.18,835.18,870.18
2024-12-18,810.18,810.18,810.18,835.18,870.18
2024-12-17,810.18,810.18,810.18,835.18,870.18
2024-12-16,810.18,810.18,810.18,835.18,870.18
2024-12-13,810.18,810.18,810.18,835.18,870.18
2024-12-12,810.18,810.18,810.18,835.18,870.18
2024-12-11,810.18,810.18,810.18,835.18,870.18
2024-12-10,810.18,810.18,810.18,835.18,870.18
2024-12-09,810.18,810.18,810.18,835.18,870.18
2024-12-06,810.18,810.18,810.18,835.18,870.18
2024-12-05,810.18,810.18,810.18,835.18,870.18
2024-12-04,810.18,810.18,810.18,835.18,870.18
2024-12-03,810.18,810.18,810.18,835.18,870.18
2024-12-02,810.18,810.18,810.18,835.18,870.18
2024-11-29,799.01,799.01,799.01,824.01,859.01
2024-11-28,799.01,799.01,799.01,824.01,859.01
2024-11-27,799.01,799.01,799.01,824.01,859.01
2024-11-26,799.01,799.01,799.01,824.01,859.01
2024-11-25,799.01,799.01,799.01,824.01,859.01
2024-11-22,799.01,799.01,799.01,824.01,859.01
2024-11-21,799.01,799.01,799.01,824.01,859.01
2024-11-20,799.01,799.01,799.01,824.01,859.01
2024-11-19,799.01,799.01,799.01,824.01,859.01
2024-11-18,799.01,799.01,799.01,824.01,859.01
2024-11-15,799.01,799.01,799.01,824.01,859.01
2024-11-14,799.01,799.01,799.01,824.01,859.01
2024-11-13,799.01,799.01,799.01,824.01,859.01
2024-11-12,799.01,799.01,799.01,824.01,859.01
2024-11-11,799.01,799.01,799.01,824.01,859.01
2024-11-08,799.01,799.01,799.01,824.01,859.01
2024-11-07,799.01,799.01,799.01,824.01,859.01
2024-11-06,799.01,799.01,799.01,824.01,859.01
2024-11-05,799.01,799.01,799.01,824.01,859.01
2024-11-04,799.01,799.01,799.01,824.01,859.01
2024-11-01,799.01,799.01,799.01,824.01,859.01
2024-10-31,787.47,787.47,787.47,812.47,847.47
2024-10-30,787.47,787.47,787.47,812.47,847.47
2024-10-29,787.47,787.47,787.47,812.47,847.47
2024-10-28,787.47,787.47,787.47,812.47,847.47
2024-10-25,787.47,787.47,787.47,812.47,847.47
2024-10-24,787.47,787.47,787.47,812.47,847.47
2024-10-23,787.47,787.47,787.47,812.47,847.47
2024-10-22,787.47,787.47,787.47,812.47,847.47
2024-10-21,787.47,787.47,787.47,812.47,847.47
2024-10-18,787.47,787.47,787.47,812.47,847.47
2024-10-17,787.47,787.47,787.47,812.47,847.47
2024-10-16,787.47,787.47,787.47,812.47,847.47
2024-10-15,787.47,787.47,787.47,812.47,847.47
2024-10-14,787.47,787.47,787.47,812.47,847.47
2024-10-11,787.47,787.47,787.47,812.47,847.47
2024-10-10,787.47,787.47,787.47,812.47,847.47
2024-10-09,787.47,787.47,787.47,812.47,847.47
2024-10-08,787.47,787.47,787.47,812.47,847.47
2024-10-07,787.47,787.47,787.47,812.47,847.47
2024-10-04,787.47,787.47,787.47,812.47,847.47
2024-10-03,787.47,787.47,787.47,812.47,847.47
2024-10-02,787.47,787.47,787.47,812.47,847.47
2024-10-01,787.47,787.47,787.47,812.47,847.47
2024-09-30,776.3,776.3,776.3,801.3,836.3
2024-09-27,776.3,776.3,776.3,801.3,836.3
2024-09-26,776.3,776.3,776.3,801.3,836.3
2024-09-25,776.3,776.3,776.3,801.3,836.3
2024-09-24,776.3,776.3,776.3,801.3,836.3
2024-09-23,776.3,776.3,776.3,801.3,836.3
2024-09-20,776.3,776.3,776.3,801.3,836.3
2024-09-19,776.3,776.3,776.3,801.3,836.3
2024-09-18,776.3,776.3,776.3,801.3,836.3
2024-09-17,776.3,776.3,776.3,801.3,836.3
2024-09-16,776.3,776.3,776.3,801.3,836.3
2024-09-13,776.3,776.3,776.3,801.3,836.3
2024-09-12,776.3,776.3,776.3,801.3,836.3
2024-09-11,776.3,776.3,776.3,801.3,836.3
2024-09-10,776.3,776.3,776.3,801.3,836.3
2024-09-09,776.3,776.3,776.3,801.3,836.3
2024-09-06,776.3,776.3,776.3,801.3,836.3
2024-09-05,776.3,776.3,776.3,801.3,836.3
2024-09-04,776.3,776.3,776.3,801.3,836.3
2024-09-03,776.3,776.3,776.3,801.3,836.3
2024-09-02,776.3,776.3,776.3,801.3,836.3
2024-08-30,764.75,764.75,764.75,789.75,824.75
2024-08-29,764.75,764.75,764.75,789.75,824.75
2024-08-28,764.75,764.75,764.75,789.75,824.75
2024-08-27,764.75,764.75,764.75,789.75,824.75
2024-08-26,764.75,764.75,764.75,789.75,824.75
2024-08-23,764.75,764.75,764.75,789.75,824.75
2024-08-22,764.75,764.75,764.75,789.75,824.75
2024-08-21,764.75,764.75,764.75,789.75,824.75
2024-08-20,764.75,764.75,764.75,789.75,824.75
2024-08-19,764.75,764.75,764.75,789.75,824.75
2024-08-16,764.75,764.75,764.75,789.75,824.75
2024-08-15,764.75,764.75,764.75,789.75,824.75
2024-08-14,764.75,764.75,764.75,789.75,824.75
2024-08-13,764.75,764.75,764.75,789.75,824.75
2024-08-12,764.75,764.75,764.75,789.75,824.75
2024-08-09,764.75,764.75,764.75,789.75,824.75
2024-08-08,764.75,764.75,764.75,789.75,824.75
2024-08-07,764.75,764.75,764.75,789.75,824.75
2024-08-06,764.75,764.75,764.75,789.75,824.75
2024-08-05,764.75,764.75,764.75,789.75,824.75
2024-08-02,764.75,764.75,764.75,789.75,824.75
2024-08-01,764.75,764.75,764.75,789.75,824.75
2024-07-31,753.21,753.21,753.21,778.21,813.21
2024-07-30,753.21,753.21,753.21,778.21,813.21
2024-07-29,753.21,753.21,753.21,778.21,813.21
2024-07-26,753.21,753.21,753.21,778.21,813.21
2024-07-25,753.21,753.21,753.21,778.21,813.21
2024-07-24,753.21,753.21,753.21,778.21,813.21
2024-07-23,753.21,753.21,753.21,778.21,813.21
2024-07-22,753.21,753.21,753.21,778.21,813.21
2024-07-19,753.21,753.21,753.21,778.21,813.21
2024-07-18,753.21,753.21,753.21,778.21,813.21
2024-07-17,753.21,753.21,753.21,778.21,813.21
2024-07-16,753.21,753.21,753.21,778.21,813.21
2024-07-15,753.21,753.21,753.21,778.21,813.21
2024-07-12,753.21,753.21,753.21,778.21,813.21
2024-07-11,753.21,753.21,753.21,778.21,813.21
2024-07-10,753.21,753.21,753.21,778.21,813.21
2024-07-09,753.21,753.21,753.21,778.21,813.21
2024-07-08,753.21,753.21,753.21,778.21,813.21
2024-07-05,753.21,753.21,753.21,778.21,813.21
2024-07-04,753.21,753.21,753.21,778.21,813.21
2024-07-03,753.21,753.21,753.21,778.21,813.21
2024-07-02,753.21,753.21,753.21,778.21,813.21
2024-07-01,753.21,753.21,753.21,778.21,813.21
2024-06-28,742.04,742.04,742.04,767.04,802.04
2024-06-27,742.04,742.04,742.04,767.04,802.04
2024-06-26,742.04,742.04,742.04,767.04,802.04
2024-06-25,742.04,742.04,742.04,767.04,802.04
2024-06-24,742.04,742.04,742.04,767.04,802.04
2024-06-21,742.04,742.04,742.04,767.04,802.04
2024-06-20,742.04,742.04,742.04,767.04,802.04
2024-06-19,742.04,742.04,742.04,767.04,802.04
2024-06-18,742.04,742.04,742.04,767.04,802.04
2024-06-17,742.04,742.04,742.04,767.04,802.04
2024-06-14,742.04,742.04,742.04,767.04,802.04
2024-06-13,742.04,742.04,742.04,767.04,802.04
2024-06-12,742.04,742.04,742.04,767.04,802.04
2024-06-11,742.04,742.04,742.04,767.04,802.04
2024-06-10,742.04,742.04,742.04,767.04,802.04
2024-06-07,742.04,742.04,742.04,767.04,802.04
2024-06-06,742.04,742.04,742.04,767.04,802.04
2024-06-05,742.04,742.04,742.04,767.04,802.04
2024-06-04,742.04,742.04,742.04,767.04,802.04
2024-06-03,742.04,742.04,742.04,767.04,802.04
2024-05-31,755.62,755.62,755.62,780.62,815.62
2024-05-30,755.62,755.62,755.62,780.62,815.62
2024-05-29,755.62,755.62,755.62,780.62,815.62
2024-05-28,755.62,755.62,755.62,780.62,815.62
2024-05-27,755.62,755.62,755.62,780.62,815.62
2024-05-24,755.62,755.62,755.62,780.62,815.62
2024-05-23,755.62,755.62,755.62,780.62,815.62
2024-05-22,755.62,755.62,755.62,780.62,815.62
2024-05-21,755.62,755.62,755.62,780.62,815.62
2024-05-20,755.62,755.62,755.62,780.62,815.62
2024-05-17,755.62,755.62,755.62,780.62,815.62
2024-05-16,755.62,755.62,755.62,780.62,815.62
2024-05-15,755.62,755.62,755.62,780.62,815.62
2024-05-14,755.62,755.62,755.62,780.62,815.62
2024-05-13,755.62,755.62,755.62,780.62,815.62
2024-05-10,755.62,755.62,755.62,780.62,815.62
2024-05-09,755.62,755.62,755.62,780.62,815.62
2024-05-08,755.62,755.62,755.62,780.62,815.62
2024-05-07,755.62,755.62,755.62,780.62,815.62
2024-05-06,755.62,755.62,755.62,780.62,815.62
2024-05-03,755.62,755.62,755.62,780.62,815.62
2024-05-02,755.62,755.62,755.62,780.62,815.62
2024-05-01,755.62,755.62,755.62,780.62,815.62
2024-04-30,768.76,768.76,768.76,793.76,828.76
2024-04-29,768.76,768.76,768.76,793.76,828.76
2024-04-26,768.76,768.76,768.76,793.76,828.76
2024-04-25,768.76,768.76,768.76,793.76,828.76
2024-04-24,768.76,768.76,768.76,793.76,828.76
2024-04-23,768.76,768.76,768.76,793.76,828.76
2024-04-22,768.76,768.76,768.76,793.76,828.76
2024-04-19,768.76,768.76,768.76,793.76,828.76
2024-04-18,768.76,768.76,768.76,793.76,828.76
2024-04-17,768.76,768.76,768.76,793.76,828.76
2024-04-16,768.76,768.76,768.76,793.76,828.76
2024-04-15,768.76,768.76,768.76,793.76,828.76
2024-04-12,768.76,768.76,768.76,793.76,828.76
2024-04-11,768.76,768.76,768.76,793.76,828.76
2024-04-10,768.76,768.76,768.76,793.76,828.76
2024-04-09,768.76,768.76,768.76,793.76,828.76
2024-04-08,768.76,768.76,768.76,793.76,828.76
2024-04-05,768.76,768.76,768.76,793.76,828.76
2024-04-04,768.76,768.76,768.76,793.76,828.76
2024-04-03,768.76,768.76,768.76,793.76,828.76
2024-04-02,768.76,768.76,768.76,793.76,828.76
2024-04-01,768.76,768.76,768.76,793.76,828.76
2024-03-29,782.33,782.33,782.33,807.33,842.33
2024-03-28,782.33,782.33,782.33,807.33,842.33
2024-03-27,782.33,782.33,782.33,807.33,842.33
2024-03-26,782.33,782.33,782.33,807.33,842.33
2024-03-25,782.33,782.33,782.33,807.33,842.33
2024-03-22,782.33,782.33,782.33,807.33,842.33
2024-03-21,782.33,782.33,782.33,807.33,842.33
2024-03-20,782.33,782.33,782.33,807.33,842.33
2024-03-19,782.33,782.33,782.33,807.33,842.33
2024-03-18,782.33,782.33,782.33,807.33,842.33
2024-03-15,782.33,782.33,782.33,807.33,842.33
2024-03-14,782.33,782.33,782.33,807.33,842.33
2024-03-13,782.33,782.33,782.33,807.33,842.33
2024-03-12,782.33,782.33,782.33,807.33,842.33
2024-03-11,782.33,782.33,782.33,807.33,842.33
2024-03-08,782.33,782.33,782.33,807.33,842.33
2024-03-07,782.33,782.33,782.33,807.33,842.33
2024-03-06,782.33,782.33,782.33,807.33,842.33
2024-03-05,782.33,782.33,782.33,807.33,842.33
2024-03-04,782.33,782.33,782.33,807.33,842.33
2024-03-01,782.33,782.33,782.33,807.33,842.33
2024-02-29,795.04,795.04,795.04,820.04,855.04
2024-02-28,795.04,795.04,795.04,820.04,855.04
2024-02-27,795.04,795.04,795.04,820.04,855.04
2024-02-26,795.04,795.04,795.04,820.04,855.04
2024-02-23,795.04,795.04,795.04,820.04,855.04
2024-02-22,795.04,795.04,795.04,820.04,855.04
2024-02-21,795.04,795.04,795.04,820.04,855.04
2024-02-20,795.04,795.04,795.04,820.04,855.04
2024-02-19,795.04,795.04,795.04,820.04,855.04
2024-02-16,795.04,795.04,795.04,820.04,855.04
2024-02-15,795.04,795.04,795.04,820.04,855.04
2024-02-14,795.04,795.04,795.04,820.04,855.04
2024-02-13,795.04,795.04,795.04,820.04,855.04
2024-02-12,795.04,795.04,795.04,820.04,855.04
2024-02-09,795.04,795.04,795.04,820.04,855.04
2024-02-08,795.04,795.04,795.04,820.04,855.04
2024-02-07,795.04,795.04,795.04,820.04,855.04
2024-02-06,795.04,795.04,795.04,820.04,855.04
2024-02-05,795.04,795.04,795.04,820.04,855.04
2024-02-02,795.04,795.04,795.04,820.04,855.04
2024-02-01,795.04,795.04,795.04,820.04,855.04
2024-01-31,808.61,808.61,808.61,833.61,868.61
2024-01-30,808.61,808.61,808.61,833.61,868.61
2024-01-29,808.61,808.61,808.61,833.61,868.61
2024-01-26,808.61,808.61,808.61,833.61,868.61
2024-01-25,808.61,808.61,808.61,833.61,868.61
2024-01-24,808.61,808.61,808.61,833.61,868.61
2024-01-23,808.61,808.61,808.61,833.61,868.61
2024-01-22,808.61,808.61,808.61,833.61,868.61
2024-01-19,808.61,808.61,808.61,833.61,868.61
2024-01-18,808.61,808.61,808.61,833.61,868.61
2024-01-17,808.61,808.61,808.61,833.61,868.61
2024-01-16,808.61,808.61,808.61,833.61,868.61
2024-01-15,808.61,808.61,808.61,833.61,868.61
2024-01-12,808.61,808.61,808.61,833.61,868.61
2024-01-11,808.61,808.61,808.61,833.61,868.61
2024-01-10,808.61,808.61,808.61,833.61,868.61
2024-01-09,808.61,808.61,808.61,833.61,868.61
2024-01-08,808.61,808.61,808.61,833.61,868.61
2024-01-05,808.61,808.61,808.61,833.61,868.61
2024-01-04,808.61,808.61,808.61,833.61,868.61
2024-01-03,808.61,808.61,808.61,833.61,868.61
2024-01-02,808.61,808.61,808.61,833.61,868.61
2024-01-01,808.61,808.61,808.61,833.61,868.61
2023-12-29,822.19,822.19,822.19,847.19,882.19
2023-12-28,822.19,822.19,822.19,847.19,882.19
2023-12-27,822.19,822.19,822.19,847.19,882.19
2023-12-26,822.19,822.19,822.19,847.19,882.19
2023-12-25,822.19,822.19,822.19,847.19,882.19
2023-12-22,822.19,822.19,822.19,847.19,882.19
2023-12-21,822.19,822.19,822.19,847.19,882.19
2023-12-20,822.19,822.19,822.19,847.19,882.19
2023-12-19,822.19,822.19,822.19,847.19,882.19
2023-12-18,822.19,822.19,822.19,847.19,882.19
2023-12-15,822.19,822.19,822.19,847.19,882.19
2023-12-14,822.19,822.19,822.19,847.19,882.19
2023-12-13,822.19,822.19,822.19,847.19,882.19
2023-12-12,822.19,822.19,822.19,847.19,882.19
2023-12-11,822.19,822.19,822.19,847.19,882.19
2023-12-08,822.19,822.19,822.19,847.19,882.19
2023-12-07,822.19,822.19,822.19,847.19,882.19
2023-12-06,822.19,822.19,822.19,847.19,882.19
2023-12-05,822.19,822.19,822.19,847.19,882.19
2023-12-04,822.19,822.19,822.19,847.19,882.19
2023-12-01,822.19,822.19,822.19,847.19,882.19
2023-11-30,835.33,835.33,835.33,860.33,895.33
2023-11-29,835.33,835.33,835.33,860.33,895.33
2023-11-28,835.33,835.33,835.33,860.33,895.33
2023-11-27,835.33,835.33,835.33,860.33,895.33
2023-11-24,835.33,835.33,835.33,860.33,895.33
2023-11-23,835.33,835.33,835.33,860.33,895.33
2023-11-22,835.33,835.33,835.33,860.33,895.33
2023-11-21,835.33,835.33,835.33,860.33,895.33
2023-11-20,835.33,835.33,835.33,860.33,895.33
2023-11-17,835.33,835.33,835.33,860.33,895.33
2023-11-16,835.33,835.33,835.33,860.33,895.33
2023-11-15,835.33,835.33,835.33,860.33,895.33
2023-11-14,835.33,835.33,835.33,860.33,895.33
2023-11-13,835.33,835.33,835.33,860.33,895.33
2023-11-10,835.33,835.33,835.33,860.33,895.33
2023-11-09,835.33,835.33,835.33,860.33,895.33
2023-11-08,835.33,835.33,835.33,860.33,895.33
2023-11-07,835.33,835.33,835.33,860.33,895.33
2023-11-06,835.33,835.33,835.33,860.33,895.33
2023-11-03,835.33,835.33,835.33,860.33,895.33
2023-11-02,835.33,835.33,835.33,860.33,895.33
2023-11-01,835.33,835.33,835.33,860.33,895.33
2023-10-31,848.91,848.91,848.91,873.91,908.91
2023-10-30,848.91,848.91,848.91,873.91,908.91
2023-10-27,848.91,848.91,848.91,873.91,908.91
2023-10-26,848.91,848.91,848.91,873.91,908.91
2023-10-25,848.91,848.91,848.91,873.91,908.91
2023-10-24,848.91,848.91,848.91,873.91,908.91
2023-10-23,848.91,848.91,848.91,873.91,908.91
2023-10-20,848.91,848.91,848.91,873.91,908.91
2023-10-19,848.91,848.91,848.91,873.91,908.91
2023-10-18,848.91,848.91,848.91,873.91,908.91
2023-10-17,848.91,848.91,848.91,873.91,908.91
2023-10-16,848.91,848.91,848.91,873.91,908.91
2023-10-13,848.91,848.91,848.91,873.91,908.91
2023-10-12,848.91,848.91,848.91,873.91,908.91
2023-10-11,848.91,848.91,848.91,873.91,908.91
2023-10-10,848.91,848.91,848.91,873.91,908.91
2023-10-09,848.91,848.91,848.91,873.91,908.91
2023-10-06,848.91,848.91,848.91,873.91,908.91
2023-10-05,848.91,848.91,848.91,873.91,908.91
2023-10-04,848.91,848.91,848.91,873.91,908.91
2023-10-03,848.91,848.91,848.91,873.91,908.91
2023-10-02,848.91,848.91,848.91,873.91,908.91
2023-09-29,862.05,862.05,862.05,887.05,922.05
2023-09-28,862.05,862.05,862.05,887.05,922.05
2023-09-27,862.05,862.05,862.05,887.05,922.05
2023-09-26,862.05,862.05,862.05,887.05,922.05
2023-09-25,862.05,862.05,862.05,887.05,922.05
2023-09-22,862.05,862.05,862.05,887.05,922.05
2023-09-21,862.05,862.05,862.05,887.05,922.05
2023-09-20,862.05,862.05,862.05,887.05,922.05
2023-09-19,862.05,862.05,862.05,887.05,922.05
2023-09-18,862.05,862.05,862.05,887.05,922.05
2023-09-15,862.05,862.05,862.05,887.05,922.05
2023-09-14,862.05,862.05,862.05,887.05,922.05
2023-09-13,862.05,862.05,862.05,887.05,922.05
2023-09-12,862.05,862.05,862.05,887.05,922.05
2023-09-11,862.05,862.05,862.05,887.05,922.05
2023-09-08,862.05,862.05,862.05,887.05,922.05
2023-09-07,862.05,862.05,862.05,887.05,922.05
2023-09-06,862.05,862.05,862.05,887.05,922.05
2023-09-05,862.05,862.05,862.05,887.05,922.05
2023-09-04,862.05,862.05,862.05,887.05,922.05
2023-09-01,862.05,862.05,862.05,887.05,922.05
2023-08-31,875.62,875.62,875.62,900.62,935.62
2023-08-30,875.62,875.62,875.62,900.62,935.62
2023-08-29,875.62,875.62,875.62,900.62,935.62
2023-08-28,875.62,875.62,875.62,900.62,935.62
2023-08-25,875.62,875.62,875.62,900.62,935.62
2023-08-24,875.62,875.62,875.62,900.62,935.62
2023-08-23,875.62,875.62,875.62,900.62,935.62
2023-08-22,875.62,875.62,875.62,900.62,935.62
2023-08-21,875.62,875.62,875.62,900.62,935.62
2023-08-18,875.62,875.62,875.62,900.62,935.62
2023-08-17,875.62,875.62,875.62,900.62,935.62
2023-08-16,875.62,875.62,875.62,900.62,935.62
2023-08-15,875.62,875.62,875.62,900.62,935.62
2023-08-14,875.62,875.62,875.62,900.62,935.62
2023-08-11,875.62,875.62,875.62,900.62,935.62
2023-08-10,875.62,875.62,875.62,900.62,935.62
2023-08-09,875.62,875.62,875.62,900.62,935.62
2023-08-08,875.62,875.62,875.62,900.62,935.62
2023-08-07,875.62,875.62,875.62,900.62,935.62
2023-08-04,875.62,875.62,875.62,900.62,935.62
2023-08-03,875.62,875.62,875.62,900.62,935.62
2023-08-02,875.62,875.62,875.62,900.62,935.62
2023-08-01,875.62,875.62,875.62,900.62,935.62
2023-07-31,889.2,889.2,889.2,914.2,949.2
2023-07-28,889.2,889.2,889.2,914.2,949.2
2023-07-27,889.2,889.2,889.2,914.2,949.2
2023-07-26,889.2,889.2,889.2,914.2,949.2
2023-07-25,889.2,889.2,889.2,914.2,949.2
2023-07-24,889.2,889.2,889.2,914.2,949.2
2023-07-21,889.2,889.2,889.2,914.2,949.2
2023-07-20,889.2,889.2,889.2,914.2,949.2
2023-07-19,889.2,889.2,889.2,914.2,949.2
2023-07-18,889.2,889.2,889.2,914.2,949.2
2023-07-17,889.2,889.2,889.2,914.2,949.2
2023-07-14,889.2,889.2,889.2,914.2,949.2
2023-07-13,889.2,889.2,889.2,914.2,949.2
2023-07-12,889.2,889.2,889.2,914.2,949.2
2023-07-11,889.2,889.2,889.2,914.2,949.2
2023-07-10,889.2,889.2,889.2,914.2,949.2
2023-07-07,889.2,889.2,889.2,914.2,949.2
2023-07-06,889.2,889.2,889.2,914.2,949.2
2023-07-05,889.2,889.2,889.2,914.2,949.2
2023-07-04,889.2,889.2,889.2,914.2,949.2
2023-07-03,889.2,889.2,889.2,914.2,949.2
2023-06-30,1170.2,1170.2,1170.2,1195.2,1230.2
2023-06-29,1170.2,1170.2,1170.2,1195.2,1230.2
2023-06-28,1170.2,1170.2,1170.2,1195.2,1230.2
2023-06-27,1170.2,1170.2,1170.2,1195.2,1230.2
2023-06-26,1170.2,1170.2,1170.2,1195.2,1230.2
2023-06-23,1170.2,1170.2,1170.2,1195.2,1230.2
2023-06-22,1170.2,1170.2,1170.2,1195.2,1230.2
2023-06-21,1170.2,1170.2,1170.2,1195.2,1230.2
2023-06-20,1170.2,1170.2,1170.2,1195.2,1230.2
2023-06-19,1170.2,1170.2,1170.2,1195.2,1230.2
2023-06-16,1170.2,1170.2,1170.2,1195.2,1230.2
2023-06-15,1170.2,1170.2,1170.2,1195.2,1230.2
2023-06-14,1170.2,1170.2,1170.2,1195.2,1230.2
2023-06-13,1170.2,1170.2,1170.2,1195.2,1230.2
2023-06-12,1170.2,1170.2,1170.2,1195.2,1230.2
2023-06-09,1170.2,1170.2,1170.2,1195.2,1230.2
2023-06-08,1170.2,1170.2,1170.2,1195.2,1230.2
2023-06-07,1170.2,1170.2,1170.2,1195.2,1230.2
2023-06-06,1170.2,1170.2,1170.2,1195.2,1230.2
2023-06-05,1170.2,1170.2,1170.2,1195.2,1230.2
2023-06-02,1170.2,1170.2,1170.2,1195.2,1230.2
2023-06-01,1170.2,1170.2,1170.2,1195.2,1230.2
2023-05-31,1460.57,1460.57,1460.57,1485.57,1520.57
2023-05-30,1460.57,1460.57,1460.57,1485.57,1520.57
2023-05-29,1460.57,1460.57,1460.57,1485.57,1520.57
2023-05-26,1460.57,1460.57,1460.57,1485.57,1520.57
2023-05-25,1460.57,1460.57,1460.57,1485.57,1520.57
2023-05-24,1460.57,1460.57,1460.57,1485.57,1520.57
2023-05-23,1460.57,1460.57,1460.57,1485.57,1520.57
2023-05-22,1460.57,1460.57,1460.57,1485.57,1520.57
2023-05-19,1460.57,1460.57,1460.57,1485.57,1520.57
2023-05-18,1460.57,1460.57,1460.57,1485.57,1520.57
2023-05-17,1460.57,1460.57,1460.57,1485.57,1520.57
2023-05-16,1460.57,1460.57,1460.57,1485.57,1520.57
2023-05-15,1460.57,1460.57,1460.57,1485.57,1520.57
2023-05-12,1460.57,1460.57,1460.57,1485.57,1520.57
2023-05-11,1460.57,1460.57,1460.57,1485.57,1520.57
2023-05-10,1460.57,1460.57,1460.57,1485.57,1520.57
2023-05-09,1460.57,1460.57,1460.57,1485.57,1520.57
2023-05-08,1460.57,1460.57,1460.57,1485.57,1520.57
2023-05-05,1460.57,1460.57,1460.57,1485.57,1520.57
2023-05-04,1460.57,1460.57,1460.57,1485.57,1520.57
2023-05-03,1460.57,1460.57,1460.57,1485.57,1520.57
2023-05-02,1460.57,1460.57,1460.57,1485.57,1520.57
2023-05-01,1460.57,1460.57,1460.57,1485.57,1520.57
2023-04-28,1741.57,1741.57,1741.57,1766.57,1801.57
2023-04-27,1741.57,1741.57,1741.57,1766.57,1801.57
2023-04-26,1741.57,1741.57,1741.57,1766.57,1801.57
2023-04-25,1741.57,1741.57,1741.57,1766.57,1801.57
2023-04-24,1741.57,1741.57,1741.57,1766.57,1801.57
2023-04-21,1741.57,1741.57,1741.57,1766.57,1801.57
2023-04-20,1741.57,1741.57,1741.57,1766.57,1801.57
2023-04-19,1741.57,1741.57,1741.57,1766.57,1801.57
2023-04-18,1741.57,1741.57,1741.57,1766.57,1801.57
2023-04-17,1741.57,1741.57,1741.57,1766.57,1801.57
2023-04-14,1741.57,1741.57,1741.57,1766.57,1801.57
2023-04-13,1741.57,1741.57,1741.57,1766.57,1801.57
2023-04-12,1741.57,1741.57,1741.57,1766.57,1801.57
2023-04-11,1741.57,1741.57,1741.57,1766.57,1801.57
2023-04-10,1741.57,1741.57,1741.57,1766.57,1801.57
2023-04-07,1741.57,1741.57,1741.57,1766.57,1801.57
2023-04-06,1741.57,1741.57,1741.57,1766.57,1801.57
2023-04-05,1741.57,1741.57,1741.57,1766.57,1801.57
2023-04-04,1741.57,1741.57,1741.57,1766.57,1801.57
2023-04-03,1741.57,1741.57,1741.57,1766.57,1801.57
2023-03-31,2031.94,2031.94,2031.94,2056.94,2091.94
2023-03-30,2031.94,2031.94,2031.94,2056.94,2091.94
2023-03-29,2031.94,2031.94,2031.94,2056.94,2091.94
2023-03-28,2031.94,2031.94,2031.94,2056.94,2091.94
2023-03-27,2031.94,2031.94,2031.94,2056.94,2091.94
2023-03-24,2031.94,2031.94,2031.94,2056.94,2091.94
2023-03-23,2031.94,2031.94,2031.94,2056.94,2091.94
2023-03-22,2031.94,2031.94,2031.94,2056.94,2091.94
2023-03-21,2031.94,2031.94,2031.94,2056.94,2091.94
2023-03-20,2031.94,2031.94,2031.94,2056.94,2091.94
2023-03-17,2031.94,2031.94,2031.94,2056.94,2091.94
2023-03-16,2031.94,2031.94,2031.94,2056.94,2091.94
2023-03-15,2031.94,2031.94,2031.94,2056.94,2091.94
2023-03-14,2031.94,2031.94,2031.94,2056.94,2091.94
2023-03-13,2031.94,2031.94,2031.94,2056.94,2091.94
2023-03-10,2031.94,2031.94,2031.94,2056.94,2091.94
2023-03-09,2031.94,2031.94,2031.94,2056.94,2091.94
2023-03-08,2031.94,2031.94,2031.94,2056.94,2091.94
2023-03-07,2031.94,2031.94,2031.94,2056.94,2091.94
2023-03-06,2031.94,2031.94,2031.94,2056.94,2091.94
2023-03-03,2031.94,2031.94,2031.94,2056.94,2091.94
2023-03-02,2031.94,2031.94,2031.94,2056.94,2091.94
2023-03-01,2031.94,2031.94,2031.94,2056.94,2091.94
2023-02-28,2294.21,2294.21,2294.21,2319.21,2354.21
2023-02-27,2294.21,2294.21,2294.21,2319.21,2354.21
2023-02-24,2294.21,2294.21,2294.21,2319.21,2354.21
2023-02-23,2294.21,2294.21,2294.21,2319.21,2354.21
2023-02-22,2294.21,2294.21,2294.21,2319.21,2354.21
2023-02-21,2294.21,2294.21,2294.21,2319.21,2354.21
2023-02-20,2294.21,2294.21,2294.21,2319.21,2354.21
2023-02-17,2294.21,2294.21,2294.21,2319.21,2354.21
2023-02-16,2294.21,2294.21,2294.21,2319.21,2354.21
2023-02-15,2294.21,2294.21,2294.21,2319.21,2354.21
2023-02-14,2294.21,2294.21,2294.21,2319.21,2354.21
2023-02-13,2294.21,2294.21,2294.21,2319.21,2354.21
2023-02-10,2294.21,2294.21,2294.21,2319.21,2354.21
2023-02-09,2294.21,2294.21,2294.21,2319.21,2354.21
2023-02-08,2294.21,2294.21,2294.21,2319.21,2354.21
2023-02-07,2294.21,2294.21,2294.21,2319.21,2354.21
2023-02-06,2294.21,2294.21,2294.21,2319.21,2354.21
2023-02-03,2294.21,2294.21,2294.21,2319.21,2354.21
2023-02-02,2294.21,2294.21,2294.21,2319.21,2354.21
2023-02-01,2294.21,2294.21,2294.21,2319.21,2354.21
2023-01-31,2584.58,2584.58,2584.58,2609.58,2644.58
2023-01-30,2584.58,2584.58,2584.58,2609.58,2644.58
2023-01-27,2584.58,2584.58,2584.58,2609.58,2644.58
2023-01-26,2584.58,2584.58,2584.58,2609.58,2644.58
2023-01-25,2584.58,2584.58,2584.58,2609.58,2644.58
2023-01-24,2584.58,2584.58,2584.58,2609.58,2644.58
2023-01-23,2584.58,2584.58,2584.58,2609.58,2644.58
2023-01-20,2584.58,2584.58,2584.58,2609.58,2644.58
2023-01-19,2584.58,2584.58,2584.58,2609.58,2644.58
2023-01-18,2584.58,2584.58,2584.58,2609.58,2644.58
2023-01-17,2584.58,2584.58,2584.58,2609.58,2644.58
2023-01-16,2584.58,2584.58,2584.58,2609.58,2644.58
2023-01-13,2584.58,2584.58,2584.58,2609.58,2644.58
2023-01-12,2584.58,2584.58,2584.58,2609.58,2644.58
2023-01-11,2584.58,2584.58,2584.58,2609.58,2644.58
2023-01-10,2584.58,2584.58,2584.58,2609.58,2644.58
2023-01-09,2584.58,2584.58,2584.58,2609.58,2644.58
2023-01-06,2584.58,2584.58,2584.58,2609.58,2644.58
2023-01-05,2584.58,2584.58,2584.58,2609.58,2644.58
2023-01-04,2584.58,2584.58,2584.58,2609.58,2644.58
2023-01-03,2584.58,2584.58,2584.58,2609.58,2644.58
2023-01-02,2584.58,2584.58,2584.58,2609.58,2644.58
2022-12-30,2874.95,2874.95,2874.95,2899.95,2934.95
2022-12-29,2874.95,2874.95,2874.95,2899.95,2934.95
2022-12-28,2874.95,2874.95,2874.95,2899.95,2934.95
2022-12-27,2874.95,2874.95,2874.95,2899.95,2934.95
2022-12-26,2874.95,2874.95,2874.95,2899.95,2934.95
2022-12-23,2874.95,2874.95,2874.95,2899.95,2934.95
2022-12-22,2874.95,2874.95,2874.95,2899.95,2934.95
2022-12-21,2874.95,2874.95,2874.95,2899.95,2934.95
2022-12-20,2874.95,2874.95,2874.95,2899.95,2934.95
2022-12-19,2874.95,2874.95,2874.95,2899.95,2934.95
2022-12-16,2874.95,2874.95,2874.95,2899.95,2934.95
2022-12-15,2874.95,2874.95,2874.95,2899.95,2934.95
2022-12-14,2874.95,2874.95,2874.95,2899.95,2934.95
2022-12-13,2874.95,2874.95,2874.95,2899.95,2934.95
2022-12-12,2874.95,2874.95,2874.95,2899.95,2934.95
2022-12-09,2874.95,2874.95,2874.95,2899.95,2934.95
2022-12-08,2874.95,2874.95,2874.95,2899.95,2934.95
2022-12-07,2874.95,2874.95,2874.95,2899.95,2934.95
2022-12-06,2874.95,2874.95,2874.95,2899.95,2934.95
2022-12-05,2874.95,2874.95,2874.95,2899.95,2934.95
2022-12-02,2874.95,2874.95,2874.95,2899.95,2934.95
2022-12-01,2874.95,2874.95,2874.95,2899.95,2934.95
2022-11-30,3155.95,3155.95,3155.95,3180.95,3215.95
2022-11-29,3155.95,3155.95,3155.95,3180.95,3215.95
2022-11-28,3155.95,3155.95,3155.95,3180.95,3215.95
2022-11-25,3155.95,3155.95,3155.95,3180.95,3215.95
2022-11-24,3155.95,3155.95,3155.95,3180.95,3215.95
2022-11-23,3155.95,3155.95,3155.95,3180.95,3215.95
2022-11-22,3155.95,3155.95,3155.95,3180.95,3215.95
2022-11-21,3155.95,3155.95,3155.95,3180.95,3215.95
2022-11-18,3155.95,3155.95,3155.95,3180.95,3215.95
2022-11-17,3155.95,3155.95,3155.95,3180.95,3215.95
2022-11-16,3155.95,3155.95,3155.95,3180.95,3215.95
2022-11-15,3155.95,3155.95,3155.95,3180.95,3215.95
2022-11-14,3155.95,3155.95,3155.95,3180.95,3215.95
2022-11-11,3155.95,3155.95,3155.95,3180.95,3215.95
2022-11-10,3155.95,3155.95,3155.95,3180.95,3215.95
2022-11-09,3155.95,3155.95,3155.95,3180.95,3215.95
2022-11-08,3155.95,3155.95,3155.95,3180.95,3215.95
2022-11-07,3155.95,3155.95,3155.95,3180.95,3215.95
2022-11-04,3155.95,3155.95,3155.95,3180.95,3215.95
2022-11-03,3155.95,3155.95,3155.95,3180.95,3215.95
2022-11-02,3155.95,3155.95,3155.95,3180.95,3215.95
2022-11-01,3155.95,3155.95,3155.95,3180.95,3215.95
2022-10-31,3446.32,3446.32,3446.32,3471.32,3506.32
2022-10-28,3446.32,3446.32,3446.32,3471.32,3506.32
2022-10-27,3446.32,3446.32,3446.32,3471.32,3506.32
2022-10-26,3446.32,3446.32,3446.32,3471.32,3506.32
2022-10-25,3446.32,3446.32,3446.32,3471.32,3506.32
2022-10-24,3446.32,3446.32,3446.32,3471.32,3506.32
2022-10-21,3446.32,3446.32,3446.32,3471.32,3506.32
2022-10-20,3446.32,3446.32,3446.32,3471.32,3506.32
2022-10-19,3446.32,3446.32,3446.32,3471.32,3506.32
2022-10-18,3446.32,3446.32,3446.32,3471.32,3506.32
2022-10-17,3446.32,3446.32,3446.32,3471.32,3506.32
2022-10-14,3446.32,3446.32,3446.32,3471.32,3506.32
2022-10-13,3446.32,3446.32,3446.32,3471.32,3506.32
2022-10-12,3446.32,3446.32,3446.32,3471.32,3506.32
2022-10-11,3446.32,3446.32,3446.32,3471.32,3506.32
2022-10-10,3446.32,3446.32,3446.32,3471.32,3506.32
2022-10-07,3446.32,3446.32,3446.32,3471.32,3506.32
2022-10-06,3446.32,3446.32,3446.32,3471.32,3506.32
2022-10-05,3446.32,3446.32,3446.32,3471.32,3506.32
2022-10-04,3446.32,3446.32,3446.32,3471.32,3506.32
2022-10-03,3446.32,3446.32,3446.32,3471.32,3506.32
2022-09-30,3727.32,3727.32,3727.32,3752.32,3787.32
2022-09-29,3727.32,3727.32,3727.32,3752.32,3787.32
2022-09-28,3727.32,3727.32,3727.32,3752.32,3787.32
2022-09-27,3727.32,3727.32,3727.32,3752.32,3787.32
2022-09-26,3727.32,3727.32,3727.32,3752.32,3787.32
2022-09-23,3727.32,3727.32,3727.32,3752.32,3787.32
2022-09-22,3727.32,3727.32,3727.32,3752.32,3787.32
2022-09-21,3727.32,3727.32,3727.32,3752.32,3787.32
2022-09-20,3727.32,3727.32,3727.32,3752.32,3787.32
2022-09-19,3727.32,3727.32,3727.32,3752.32,3787.32
2022-09-16,3727.32,3727.32,3727.32,3752.32,3787.32
2022-09-15,3727.32,3727.32,3727.32,3752.32,3787.32
2022-09-14,3727.32,3727.32,3727.32,3752.32,3787.32
2022-09-13,3727.32,3727.32,3727.32,3752.32,3787.32
2022-09-12,3727.32,3727.32,3727.32,3752.32,3787.32
2022-09-09,3727.32,3727.32,3727.32,3752.32,3787.32
2022-09-08,3727.32,3727.32,3727.32,3752.32,3787.32
2022-09-07,3727.32,3727.32,3727.32,3752.32,3787.32
2022-09-06,3727.32,3727.32,3727.32,3752.32,3787.32
2022-09-05,3727.32,3727.32,3727.32,3752.32,3787.32
2022-09-02,3727.32,3727.32,3727.32,3752.32,3787.32
2022-09-01,3727.32,3727.32,3727.32,3752.32,3787.32
2022-08-31,3895.38,3895.38,3895.38,3920.38,3955.38
2022-08-30,3895.38,3895.38,3895.38,3920.38,3955.38
2022-08-29,3895.38,3895.38,3895.38,3920.38,3955.38
2022-08-26,3895.38,3895.38,3895.38,3920.38,3955.38
2022-08-25,3895.38,3895.38,3895.38,3920.38,3955.38
2022-08-24,3895.38,3895.38,3895.38,3920.38,3955.38
2022-08-23,3895.38,3895.38,3895.38,3920.38,3955.38
2022-08-22,3895.38,3895.38,3895.38,3920.38,3955.38
2022-08-19,3895.38,3895.38,3895.38,3920.38,3955.38
2022-08-18,3895.38,3895.38,3895.38,3920.38,3955.38
2022-08-17,3895.38,3895.38,3895.38,3920.38,3955.38
2022-08-16,3895.38,3895.38,3895.38,3920.38,3955.38
2022-08-15,3895.38,3895.38,3895.38,3920.38,3955.38
2022-08-12,3895.38,3895.38,3895.38,3920.38,3955.38
2022-08-11,3895.38,3895.38,3895.38,3920.38,3955.38
2022-08-10,3895.38,3895.38,3895.38,3920.38,3955.38
2022-08-09,3895.38,3895.38,3895.38,3920.38,3955.38
2022-08-08,3895.38,3895.38,3895.38,3920.38,3955.38
2022-08-05,3895.38,3895.38,3895.38,3920.38,3955.38
2022-08-04,3895.38,3895.38,3895.38,3920.38,3955.38
2022-08-03,3895.38,3895.38,3895.38,3920.38,3955.38
2022-08-02,3895.38,3895.38,3895.38,3920.38,3955.38
2022-08-01,3895.38,3895.38,3895.38,3920.38,3955.38
2022-07-29,4034.09,4034.09,4034.09,4059.09,4094.09
2022-07-28,4034.09,4034.09,4034.09,4059.09,4094.09
2022-07-27,4034.09,4034.09,4034.09,4059.09,4094.09
2022-07-26,4034.09,4034.09,4034.09,4059.09,4094.09
2022-07-25,4034.09,4034.09,4034.09,4059.09,4094.09
2022-07-22,4034.09,4034.09,4034.09,4059.09,4094.09
2022-07-21,4034.09,4034.09,4034.09,4059.09,4094.09
2022-07-20,4034.09,4034.09,4034.09,4059.09,4094.09
2022-07-19,4034.09,4034.09,4034.09,4059.09,4094.09
2022-07-18,4034.09,4034.09,4034.09,4059.09,4094.09
2022-07-15,4034.09,4034.09,4034.09,4059.09,4094.09
2022-07-14,4034.09,4034.09,4034.09,4059.09,4094.09
2022-07-13,4034.09,4034.09,4034.09,4059.09,4094.09
2022-07-12,4034.09,4034.09,4034.09,4059.09,4094.09
2022-07-11,4034.09,4034.09,4034.09,4059.09,4094.09
2022-07-08,4034.09,4034.09,4034.09,4059.09,4094.09
2022-07-07,4034.09,4034.09,4034.09,4059.09,4094.09
2022-07-06,4034.09,4034.09,4034.09,4059.09,4094.09
2022-07-05,4034.09,4034.09,4034.09,4059.09,4094.09
2022-07-04,4034.09,4034.09,4034.09,4059.09,4094.09
2022-07-01,4034.09,4034.09,4034.09,4059.09,4094.09
2022-06-30,4168.32,4168.32,4168.32,4193.32,4228.32
2022-06-29,4168.32,4168.32,4168.32,4193.32,4228.32
2022-06-28,4168.32,4168.32,4168.32,4193.32,4228.32
2022-06-27,4168.32,4168.32,4168.32,4193.32,4228.32
2022-06-24,4168.32,4168.32,4168.32,4193.32,4228.32
2022-06-23,4168.32,4168.32,4168.32,4193.32,4228.32
2022-06-22,4168.32,4168.32,4168.32,4193.32,4228.32
2022-06-21,4168.32,4168.32,4168.32,4193.32,4228.32
2022-06-20,4168.32,4168.32,4168.32,4193.32,4228.32
2022-06-17,4168.32,4168.32,4168.32,4193.32,4228.32
2022-06-16,4168.32,4168.32,4168.32,4193.32,4228.32
2022-06-15,4168.32,4168.32,4168.32,4193.32,4228.32
2022-06-14,4168.32,4168.32,4168.32,4193.32,4228.32
2022-06-13,4168.32,4168.32,4168.32,4193.32,4228.32
2022-06-10,4168.32,4168.32,4168.32,4193.32,4228.32
2022-06-09,4168.32,4168.32,4168.32,4193.32,4228.32
2022-06-08,4168.32,4168.32,4168.32,4193.32,4228.32
2022-06-07,4168.32,4168.32,4168.32,4193.32,4228.32
2022-06-06,4168.32,4168.32,4168.32,4193.32,4228.32
2022-06-03,4168.32,4168.32,4168.32,4193.32,4228.32
2022-06-02,4168.32,4168.32,4168.32,4193.32,4228.32
2022-06-01,4168.32,4168.32,4168.32,4193.32,4228.32
2022-05-31,4307.03,4307.03,4307.03,4332.03,4367.03
2022-05-30,4307.03,4307.03,4307.03,4332.03,4367.03
2022-05-27,4307.03,4307.03,4307.03,4332.03,4367.03
2022-05-26,4307.03,4307.03,4307.03,4332.03,4367.03
2022-05-25,4307.03,4307.03,4307.03,4332.03,4367.03
2022-05-24,4307.03,4307.03,4307.03,4332.03,4367.03
2022-05-23,4307.03,4307.03,4307.03,4332.03,4367.03
2022-05-20,4307.03,4307.03,4307.03,4332.03,4367.03
2022-05-19,4307.03,4307.03,4307.03,4332.03,4367.03
2022-05-18,4307.03,4307.03,4307.03,4332.03,4367.03
2022-05-17,4307.03,4307.03,4307.03,4332.03,4367.03
2022-05-16,4307.03,4307.03,4307.03,4332.03,4367.03
2022-05-13,4307.03,4307.03,4307.03,4332.03,4367.03
2022-05-12,4307.03,4307.03,4307.03,4332.03,4367.03
2022-05-11,4307.03,4307.03,4307.03,4332.03,4367.03
2022-05-10,4307.03,4307.03,4307.03,4332.03,4367.03
2022-05-09,4307.03,4307.03,4307.03,4332.03,4367.03
2022-05-06,4307.03,4307.03,4307.03,4332.03,4367.03
2022-05-05,4307.03,4307.03,4307.03,4332.03,4367.03
2022-05-04,4307.03,4307.03,4307.03,4332.03,4367.03
2022-05-03,4307.03,4307.03,4307.03,4332.03,4367.03
2022-05-02,4307.03,4307.03,4307.03,4332.03,4367.03
2022-04-29,4441.26,4441.26,4441.26,4466.26,4501.26
2022-04-28,4441.26,4441.26,4441.26,4466.26,4501.26
2022-04-27,4441.26,4441.26,4441.26,4466.26,4501.26
2022-04-26,4441.26,4441.26,4441.26,4466.26,4501.26
2022-04-25,4441.26,4441.26,4441.26,4466.26,4501.26
2022-04-22,4441.26,4441.26,4441.26,4466.26,4501.26
2022-04-21,4441.26,4441.26,4441.26,4466.26,4501.26
2022-04-20,4441.26,4441.26,4441.26,4466.26,4501.26
2022-04-19,4441.26,4441.26,4441.26,4466.26,4501.26
2022-04-18,4441.26,4441.26,4441.26,4466.26,4501.26
2022-04-15,4441.26,4441.26,4441.26,4466.26,4501.26
2022-04-14,4441.26,4441.26,4441.26,4466.26,4501.26
2022-04-13,4441.26,4441.26,4441.26,4466.26,4501.26
2022-04-12,4441.26,4441.26,4441.26,4466.26,4501.26
2022-04-11,4441.26,4441.26,4441.26,4466.26,4501.26
2022-04-08,4441.26,4441.26,4441.26,4466.26,4501.26
2022-04-07,4441.26,4441.26,4441.26,4466.26,4501.26
2022-04-06,4441.26,4441.26,4441.26,4466.26,4501.26
2022-04-05,4441.26,4441.26,4441.26,4466.26,4501.26
2022-04-04,4441.26,4441.26,4441.26,4466.26,4501.26
2022-04-01,4441.26,4441.26,4441.26,4466.26,4501.26
2022-03-31,4453.81,4453.81,4453.81,4478.81,4513.81
2022-03-30,4453.81,4453.81,4453.81,4478.81,4513.81
2022-03-29,4453.81,4453.81,4453.81,4478.81,4513.81
2022-03-28,4453.81,4453.81,4453.81,4478.81,4513.81
2022-03-25,4453.81,4453.81,4453.81,4478.81,4513.81
2022-03-24,4453.81,4453.81,4453.81,4478.81,4513.81
2022-03-23,4453.81,4453.81,4453.81,4478.81,4513.81
2022-03-22,4453.81,4453.81,4453.81,4478.81,4513.81
2022-03-21,4453.81,4453.81,4453.81,4478.81,4513.81
2022-03-18,4453.81,4453.81,4453.81,4478.81,4513.81
2022-03-17,4453.81,4453.81,4453.81,4478.81,4513.81
2022-03-16,4453.81,4453.81,4453.81,4478.81,4513.81
2022-03-15,4453.81,4453.81,4453.81,4478.81,4513.81
2022-03-14,4453.81,4453.81,4453.81,4478.81,4513.81
2022-03-11,4453.81,4453.81,4453.81,4478.81,4513.81
2022-03-10,4453.81,4453.81,4453.81,4478.81,4513.81
2022-03-09,4453.81,4453.81,4453.81,4478.81,4513.81
2022-03-08,4453.81,4453.81,4453.81,4478.81,4513.81
2022-03-07,4453.81,4453.81,4453.81,4478.81,4513.81
2022-03-04,4453.81,4453.81,4453.81,4478.81,4513.81
2022-03-03,4453.81,4453.81,4453.81,4478.81,4513.81
2022-03-02,4453.81,4453.81,4453.81,4478.81,4513.81
2022-03-01,4453.81,4453.81,4453.81,4478.81,4513.81
2022-02-28,3990.38,3990.38,3990.38,4015.38,4050.38
2022-02-25,3990.38,3990.38,3990.38,4015.38,4050.38
2022-02-24,3990.38,3990.38,3990.38,4015.38,4050.38
2022-02-23,3990.38,3990.38,3990.38,4015.38,4050.38
2022-02-22,3990.38,3990.38,3990.38,4015.38,4050.38
2022-02-21,3990.38,3990.38,3990.38,4015.38,4050.38
2022-02-18,3990.38,3990.38,3990.38,4015.38,4050.38
2022-02-17,3990.38,3990.38,3990.38,4015.38,4050.38
2022-02-16,3990.38,3990.38,3990.38,4015.38,4050.38
2022-02-15,3990.38,3990.38,3990.38,4015.38,4050.38
2022-02-14,3990.38,3990.38,3990.38,4015.38,4050.38
2022-02-11,3990.38,3990.38,3990.38,4015.38,4050.38
2022-02-10,3990.38,3990.38,3990.38,4015.38,4050.38
2022-02-09,3990.38,3990.38,3990.38,4015.38,4050.38
2022-02-08,3990.38,3990.38,3990.38,4015.38,4050.38
2022-02-07,3990.38,3990.38,3990.38,4015.38,4050.38
2022-02-04,3990.38,3990.38,3990.38,4015.38,4050.38
2022-02-03,3990.38,3990.38,3990.38,4015.38,4050.38
2022-02-02,3990.38,3990.38,3990.38,4015.38,4050.38
2022-02-01,3990.38,3990.38,3990.38,4015.38,4050.38
2022-01-31,3477.3,3477.3,3477.3,3502.3,3537.3
2022-01-28,3477.3,3477.3,3477.3,3502.3,3537.3
2022-01-27,3477.3,3477.3,3477.3,3502.3,3537.3
2022-01-26,3477.3,3477.3,3477.3,3502.3,3537.3
2022-01-25,3477.3,3477.3,3477.3,3502.3,3537.3
2022-01-24,3477.3,3477.3,3477.3,3502.3,3537.3
2022-01-21,3477.3,3477.3,3477.3,3502.3,3537.3
2022-01-20,3477.3,3477.3,3477.3,3502.3,3537.3
2022-01-19,3477.3,3477.3,3477.3,3502.3,3537.3
2022-01-18,3477.3,3477.3,3477.3,3502.3,3537.3
2022-01-17,3477.3,3477.3,3477.3,3502.3,3537.3
2022-01-14,3477.3,3477.3,3477.3,3502.3,3537.3
2022-01-13,3477.3,3477.3,3477.3,3502.3,3537.3
2022-01-12,3477.3,3477.3,3477.3,3502.3,3537.3
2022-01-11,3477.3,3477.3,3477.3,3502.3,3537.3
2022-01-10,3477.3,3477.3,3477.3,3502.3,3537.3
2022-01-07,3477.3,3477.3,3477.3,3502.3,3537.3
2022-01-06,3477.3,3477.3,3477.3,3502.3,3537.3
2022-01-05,3477.3,3477.3,3477.3,3502.3,3537.3
2022-01-04,3477.3,3477.3,3477.3,3502.3,3537.3
2022-01-03,3477.3,3477.3,3477.3,3502.3,3537.3
2021-12-31,2964.21,2964.21,2964.21,2989.21,3024.21
2021-12-30,2964.21,2964.21,2964.21,2989.21,3024.21
2021-12-29,2964.21,2964.21,2964.21,2989.21,3024.21
2021-12-28,2964.21,2964.21,2964.21,2989.21,3024.21
2021-12-27,2964.21,2964.21,2964.21,2989.21,3024.21
2021-12-24,2964.21,2964.21,2964.21,2989.21,3024.21
2021-12-23,2964.21,2964.21,2964.21,2989.21,3024.21
2021-12-22,2964.21,2964.21,2964.21,2989.21,3024.21
2021-12-21,2964.21,2964.21,2964.21,2989.21,3024.21
2021-12-20,2964.21,2964.21,2964.21,2989.21,3024.21
2021-12-17,2964.21,2964.21,2964.21,2989.21,3024.21
2021-12-16,2964.21,2964.21,2964.21,2989.21,3024.21
2021-12-15,2964.21,2964.21,2964.21,2989.21,3024.21
2021-12-14,2964.21,2964.21,2964.21,2989.21,3024.21
2021-12-13,2964.21,2964.21,2964.21,2989.21,3024.21
2021-12-10,2964.21,2964.21,2964.21,2989.21,3024.21
2021-12-09,2964.21,2964.21,2964.21,2989.21,3024.21
2021-12-08,2964.21,2964.21,2964.21,2989.21,3024.21
2021-12-07,2964.21,2964.21,2964.21,2989.21,3024.21
2021-12-06,2964.21,2964.21,2964.21,2989.21,3024.21
2021-12-03,2964.21,2964.21,2964.21,2989.21,3024.21
2021-12-02,2964.21,2964.21,2964.21,2989.21,3024.21
2021-12-01,2964.21,2964.21,2964.21,2989.21,3024.21
2021-11-30,2467.68,2467.68,2467.68,2492.68,2527.68
2021-11-29,2467.68,2467.68,2467.68,2492.68,2527.68
2021-11-26,2467.68,2467.68,2467.68,2492.68,2527.68
2021-11-25,2467.68,2467.68,2467.68,2492.68,2527.68
2021-11-24,2467.68,2467.68,2467.68,2492.68,2527.68
2021-11-23,2467.68,2467.68,2467.68,2492.68,2527.68
2021-11-22,2467.68,2467.68,2467.68,2492.68,2527.68
2021-11-19,2467.68,2467.68,2467.68,2492.68,2527.68
2021-11-18,2467.68,2467.68,2467.68,2492.68,2527.68
2021-11-17,2467.68,2467.68,2467.68,2492.68,2527.68
2021-11-16,2467.68,2467.68,2467.68,2492.68,2527.68
2021-11-15,2467.68,2467.68,2467.68,2492.68,2527.68
2021-11-12,2467.68,2467.68,2467.68,2492.68,2527.68
2021-11-11,2467.68,2467.68,2467.68,2492.68,2527.68
2021-11-10,2467.68,2467.68,2467.68,2492.68,2527.68
2021-11-09,2467.68,2467.68,2467.68,2492.68,2527.68
2021-11-08,2467.68,2467.68,2467.68,2492.68,2527.68
2021-11-05,2467.68,2467.68,2467.68,2492.68,2527.68
2021-11-04,2467.68,2467.68,2467.68,2492.68,2527.68
2021-11-03,2467.68,2467.68,2467.68,2492.68,2527.68
2021-11-02,2467.68,2467.68,2467.68,2492.68,2527.68
2021-11-01,2467.68,2467.68,2467.68,2492.68,2527.68
2021-10-29,1954.59,1954.59,1954.59,1979.59,2014.59
2021-10-28,1954.59,1954.59,1954.59,1979.59,2014.59
2021-10-27,1954.59,1954.59,1954.59,1979.59,2014.59
2021-10-26,1954.59,1954.59,1954.59,1979.59,2014.59
2021-10-25,1954.59,1954.59,1954.59,1979.59,2014.59
2021-10-22,1954.59,1954.59,1954.59,1979.59,2014.59
2021-10-21,1954.59,1954.59,1954.59,1979.59,2014.59
2021-10-20,1954.59,1954.59,1954.59,1979.59,2014.59
2021-10-19,1954.59,1954.59,1954.59,1979.59,2014.59
2021-10-18,1954.59,1954.59,1954.59,1979.59,2014.59
2021-10-15,1954.59,1954.59,1954.59,1979.59,2014.59
2021-10-14,1954.59,1954.59,1954.59,1979.59,2014.59
2021-10-13,1954.59,1954.59,1954.59,1979.59,2014.59
2021-10-12,1954.59,1954.59,1954.59,1979.59,2014.59
2021-10-11,1954.59,1954.59,1954.59,1979.59,2014.59
2021-10-08,1954.59,1954.59,1954.59,1979.59,2014.59
2021-10-07,1954.59,1954.59,1954.59,1979.59,2014.59
2021-10-06,1954.59,1954.59,1954.59,1979.59,2014.59
2021-10-05,1954.59,1954.59,1954.59,1979.59,2014.59
2021-10-04,1954.59,1954.59,1954.59,1979.59,2014.59
2021-10-01,1954.59,1954.59,1954.59,1979.59,2014.59
2021-09-30,,,,,
2021-09-29,,,,,
2021-09-28,,,,,
2021-09-27,,,,,
2021-09-24,,,,,
2021-09-23,,,,,
2021-09-22,,,,,
2021-09-21,,,,,
2021-09-20,,,,,
2021-09-17,,,,,
2021-09-16,,,,,
2021-09-15,,,,,
2021-09-14,,,,,
2021-09-13,,,,,
2021-09-10,,,,,
2021-09-09,,,,,
2021-09-08,,,,,
2021-09-07,,,,,
2021-09-06,,,,,
2021-09-03,,,,,
2021-09-02,,,,,
2021-09-01,,,,,
2021-08-31,,,,,
2021-08-30,,,,,
2021-08-27,,,,,
2021-08-26,,,,,
2021-08-25,,,,,
2021-08-24,,,,,
2021-08-23,,,,,
2021-08-20,,,,,
2021-08-19,,,,,
2021-08-18,,,,,
2021-08-17,,,,,
2021-08-16,,,,,
2021-08-13,,,,,
2021-08-12,,,,,
2021-08-11,,,,,
2021-08-10,,,,,
2021-08-09,,,,,
2021-08-06,,,,,
2021-08-05,,,,,
2021-08-04,,,,,
2021-08-03,,,,,
2021-08-02,,,,,
2021-07-30,,,,,
2021-07-29,,,,,
2021-07-28,,,,,
2021-07-27,,,,,
2021-07-26,,,,,
2021-07-23,,,,,
2021-07-22,,,,,
2021-07-21,,,,,
2021-07-20,,,,,
2021-07-19,,,,,
2021-07-16,,,,,
2021-07-15,,,,,
2021-07-14,,,,,
2021-07-13,,,,,
2021-07-12,,,,,
2021-07-09,,,,,
2021-07-08,,,,,
2021-07-07,,,,,
2021-07-06,,,,,
2021-07-05,,,,,
2021-07-02,,,,,
2021-07-01,,,,,
2021-06-30,,,,,
2021-06-29,,,,,
2021-06-28,,,,,
2021-06-25,,,,,
2021-06-24,,,,,
2021-06-23,,,,,
2021-06-22,,,,,
2021-06-21,,,,,
2021-06-18,,,,,
2021-06-17,,,,,
2021-06-16,,,,,
2021-06-15,,,,,
2021-06-14,,,,,
2021-06-11,,,,,
2021-06-10,,,,,
2021-06-09,,,,,
2021-06-08,,,,,
2021-06-07,,,,,
2021-06-04,,,,,
2021-06-03,,,,,
2021-06-02,,,,,
2021-06-01,,,,,
2021-05-31,,,,,
2021-05-28,,,,,
2021-05-27,,,,,
2021-05-26,,,,,
2021-05-25,,,,,
2021-05-24,,,,,
2021-05-21,,,,,
2021-05-20,,,,,
2021-05-19,,,,,
2021-05-18,,,,,
2021-05-17,,,,,
2021-05-14,,,,,
2021-05-13,,,,,
2021-05-12,,,,,
2021-05-11,,,,,
2021-05-10,,,,,
2021-05-07,,,,,
2021-05-06,,,,,
2021-05-05,,,,,
2021-05-04,,,,,
2021-05-03,,,,,
2021-04-30,,,,,
2021-04-29,,,,,
2021-04-28,,,,,
2021-04-27,,,,,
2021-04-26,,,,,
2021-04-23,,,,,
2021-04-22,,,,,
2021-04-21,,,,,
2021-04-20,,,,,
2021-04-19,,,,,
2021-04-16,,,,,
2021-04-15,,,,,
2021-04-14,,,,,
2021-04-13,,,,,
2021-04-12,,,,,
2021-04-09,,,,,
2021-04-08,,,,,
2021-04-07,,,,,
2021-04-06,,,,,
2021-04-05,,,,,
2021-04-02,,,,,
2021-04-01,,,,,
2021-03-31,,,,,
2021-03-30,,,,,
2021-03-29,,,,,
2021-03-26,,,,,
2021-03-25,,,,,
2021-03-24,,,,,
2021-03-23,,,,,
2021-03-22,,,,,
2021-03-19,,,,,
2021-03-18,,,,,
2021-03-17,,,,,
2021-03-16,,,,,
2021-03-15,,,,,
2021-03-12,,,,,
2021-03-11,,,,,
2021-03-10,,,,,
2021-03-09,,,,,
2021-03-08,,,,,
2021-03-05,,,,,
2021-03-04,,,,,
2021-03-03,,,,,
2021-03-02,,,,,
2021-03-01,,,,,
2021-02-26,,,,,
2021-02-25,,,,,
2021-02-24,,,,,
2021-02-23,,,,,
2021-02-22,,,,,
2021-02-19,,,,,
2021-02-18,,,,,
2021-02-17,,,,,
2021-02-16,,,,,
2021-02-15,,,,,
2021-02-12,,,,,
2021-02-11,,,,,
2021-02-10,,,,,
2021-02-09,,,,,
2021-02-08,,,,,
2021-02-05,,,,,
2021-02-04,,,,,
2021-02-03,,,,,
2021-02-02,,,,,
2021-02-01,,,,,
2021-01-29,,,,,
2021-01-28,,,,,
2021-01-27,,,,,
2021-01-26,,,,,
2021-01-25,,,,,
2021-01-22,,,,,
2021-01-21,,,,,
2021-01-20,,,,,
2021-01-19,,,,,
2021-01-18,,,,,
2021-01-15,,,,,
2021-01-14,,,,,
2021-01-13,,,,,
2021-01-12,,,,,
2021-01-11,,,,,
2021-01-08,,,,,
2021-01-07,,,,,
2021-01-06,,,,,
2021-01-05,,,,,
2021-01-04,,,,,
2021-01-01,,,,,
2020-12-31,,,,,
2020-12-30,,,,,
2020-12-29,,,,,
2020-12-28,,,,,
2020-12-25,,,,,
2020-12-24,,,,,
2020-12-23,,,,,
2020-12-22,,,,,
2020-12-21,,,,,
2020-12-18,,,,,
2020-12-17,,,,,
2020-12-16,,,,,
2020-12-15,,,,,
2020-12-14,,,,,
2020-12-11,,,,,
2020-12-10,,,,,
2020-12-09,,,,,
2020-12-08,,,,,
2020-12-07,,,,,
2020-12-04,,,,,
2020-12-03,,,,,
2020-12-02,,,,,
2020-12-01,,,,,
2020-11-30,,,,,
2020-11-27,,,,,
2020-11-26,,,,,
2020-11-25,,,,,
2020-11-24,,,,,
2020-11-23,,,,,
2020-11-20,,,,,
2020-11-19,,,,,
2020-11-18,,,,,
2020-11-17,,,,,
2020-11-16,,,,,
2020-11-13,,,,,
2020-11-12,,,,,
2020-11-11,,,,,
2020-11-10,,,,,
2020-11-09,,,,,
2020-11-06,,,,,
2020-11-05,,,,,
2020-11-04,,,,,
2020-11-03,,,,,
2020-11-02,,,,,
2020-10-30,,,,,
2020-10-29,,,,,
2020-10-28,,,,,
2020-10-27,,,,,
2020-10-26,,,,,
2020-10-23,,,,,
2020-10-22,,,,,
2020-10-21,,,,,
2020-10-20,,,,,
2020-10-19,,,,,
2020-10-16,,,,,
2020-10-15,,,,,
2020-10-14,,,,,
2020-10-13,,,,,
2020-10-12,,,,,
2020-10-09,,,,,
2020-10-08,,,,,
2020-10-07,,,,,
2020-10-06,,,,,
2020-10-05,,,,,
2020-10-02,,,,,
2020-10-01,,,,,
2020-09-30,,,,,
2020-09-29,,,,,
2020-09-28,,,,,
2020-09-25,,,,,
2020-09-24,,,,,
2020-09-23,,,,,
2020-09-22,,,,,
2020-09-21,,,,,
2020-09-18,,,,,
2020-09-17,,,,,
2020-09-16,,,,,
2020-09-15,,,,,
2020-09-14,,,,,
2020-09-11,,,,,
2020-09-10,,,,,
2020-09-09,,,,,
2020-09-08,,,,,
2020-09-07,,,,,
2020-09-04,,,,,
2020-09-03,,,,,
2020-09-02,,,,,
2020-09-01,,,,,
2020-08-31,,,,,
2020-08-28,,,,,
2020-08-27,,,,,
2020-08-26,,,,,
2020-08-25,,,,,
2020-08-24,,,,,
2020-08-21,,,,,
2020-08-20,,,,,
2020-08-19,,,,,
2020-08-18,,,,,
2020-08-17,,,,,
2020-08-14,,,,,
2020-08-13,,,,,
2020-08-12,,,,,
2020-08-11,,,,,
2020-08-10,,,,,
2020-08-07,,,,,
2020-08-06,,,,,
2020-08-05,,,,,
2020-08-04,,,,,
2020-08-03,,,,,
2020-07-31,,,,,
2020-07-30,,,,,
2020-07-29,,,,,
2020-07-28,,,,,
2020-07-27,,,,,
2020-07-24,,,,,
2020-07-23,,,,,
2020-07-22,,,,,
2020-07-21,,,,,
2020-07-20,,,,,
2020-07-17,,,,,
2020-07-16,,,,,
2020-07-15,,,,,
2020-07-14,,,,,
2020-07-13,,,,,
2020-07-10,,,,,
2020-07-09,,,,,
2020-07-08,,,,,
2020-07-07,,,,,
2020-07-06,,,,,
2020-07-03,,,,,
2020-07-02,,,,,
2020-07-01,,,,,
2020-06-30,,,,,
2020-06-29,,,,,
2020-06-26,,,,,
2020-06-25,,,,,
2020-06-24,,,,,
2020-06-23,,,,,
2020-06-22,,,,,
2020-06-19,,,,,
2020-06-18,,,,,
2020-06-17,,,,,
2020-06-16,,,,,
2020-06-15,,,,,
2020-06-12,,,,,
2020-06-11,,,,,
2020-06-10,,,,,
2020-06-09,,,,,
2020-06-08,,,,,
2020-06-05,,,,,
2020-06-04,,,,,
2020-06-03,,,,,
2020-06-02,,,,,
2020-06-01,,,,,
2020-05-29,,,,,
2020-05-28,,,,,
2020-05-27,,,,,
2020-05-26,,,,,
2020-05-22,,,,,
2020-05-21,,,,,
2020-05-20,,,,,
2020-05-19,,,,,
2020-05-18,,,,,
2020-05-15,,,,,
2020-05-14,,,,,
2020-05-13,,,,,
2020-05-12,,,,,
2020-05-11,,,,,
2020-05-08,,,,,
2020-05-07,,,,,
2020-05-06,,,,,
2020-05-05,,,,,
2020-05-04,,,,,
2020-05-01,,,,,
2020-04-30,,,,,
2020-04-29,,,,,
2020-04-28,,,,,
2020-04-27,,,,,
2020-04-24,,,,,
2020-04-23,,,,,
2020-04-22,,,,,
2020-04-21,,,,,
2020-04-20,,,,,
2020-04-17,,,,,
2020-04-16,,,,,
2020-04-15,,,,,
2020-04-14,,,,,
2020-04-13,,,,,
2020-04-09,,,,,
2020-04-08,,,,,
2020-04-07,,,,,
2020-04-06,,,,,
2020-04-03,,,,,
2020-04-02,,,,,
2020-04-01,,,,,
2020-03-31,,,,,
2020-03-30,,,,,
2020-03-27,,,,,
2020-03-26,,,,,
2020-03-25,,,,,
2020-03-24,,,,,
2020-03-23,,,,,
2020-03-20,,,,,
2020-03-19,,,,,
2020-03-18,,,,,
2020-03-17,,,,,
2020-03-16,,,,,
2020-03-13,,,,,
2020-03-12,,,,,
2020-03-11,,,,,
2020-03-10,,,,,
2020-03-09,,,,,
2020-03-06,,,,,
2020-03-05,,,,,
2020-03-04,,,,,
2020-03-03,,,,,
2020-03-02,,,,,
2020-02-28,,,,,
2020-02-27,,,,,
2020-02-26,,,,,
2020-02-25,,,,,
2020-02-24,,,,,
2020-02-21,,,,,
2020-02-20,,,,,
2020-02-19,,,,,
2020-02-18,,,,,
2020-02-14,,,,,
2020-02-13,,,,,
2020-02-12,,,,,
2020-02-11,,,,,
2020-02-10,,,,,
2020-02-07,,,,,
2020-02-06,,,,,
2020-02-05,,,,,
2020-02-04,,,,,
2020-02-03,,,,,
2020-01-31,,,,,
2020-01-30,,,,,
2020-01-29,,,,,
2020-01-28,,,,,
2020-01-27,,,,,
2020-01-24,,,,,
2020-01-23,,,,,
2020-01-22,,,,,
2020-01-21,,,,,
2020-01-20,,,,,
2020-01-17,,,,,
2020-01-16,,,,,
2020-01-15,,,,,
2020-01-14,,,,,
2020-01-13,,,,,
2020-01-10,,,,,
2020-01-09,,,,,
2020-01-08,,,,,
2020-01-07,,,,,
2020-01-06,,,,,
2020-01-03,,,,,
2020-01-02,,,,,
2019-12-31,,,,,
2019-12-30,,,,,
2019-12-27,,,,,
2019-12-26,,,,,
2019-12-24,,,,,
2019-12-23,,,,,
2019-12-20,,,,,
2019-12-19,,,,,
2019-12-18,,,,,
2019-12-17,,,,,
2019-12-16,,,,,
2019-12-13,,,,,
2019-12-12,,,,,
2019-12-11,,,,,
2019-12-10,,,,,
2019-12-09,,,,,
2019-12-06,,,,,
2019-12-05,,,,,
2019-12-04,,,,,
2019-12-03,,,,,
2019-12-02,,,,,
2019-11-29,,,,,
2019-11-28,,,,,
2019-11-27,,,,,
2019-11-26,,,,,
2019-11-25,,,,,
2019-11-22,,,,,
2019-11-21,,,,,
2019-11-20,,,,,
2019-11-19,,,,,
2019-11-18,,,,,
2019-11-15,,,,,
2019-11-14,,,,,
2019-11-13,,,,,
2019-11-12,,,,,
2019-11-11,,,,,
2019-11-08,,,,,
2019-11-07,,,,,
2019-11-06,,,,,
2019-11-05,,,,,
2019-11-04,,,,,
2019-11-01,,,,,
2019-10-31,,,,,
2019-10-30,,,,,
2019-10-29,,,,,
2019-10-28,,,,,
2019-10-25,,,,,
2019-10-24,,,,,
2019-10-23,,,,,
2019-10-22,,,,,
2019-10-21,,,,,
2019-10-18,,,,,
2019-10-17,,,,,
2019-10-16,,,,,
2019-10-15,,,,,
2019-10-14,,,,,
2019-10-11,,,,,
2019-10-10,,,,,
2019-10-09,,,,,
2019-10-08,,,,,
2019-10-07,,,,,
2019-10-04,,,,,
2019-10-03,,,,,
2019-10-02,,,,,
2019-10-01,,,,,
2019-09-30,,,,,
2019-09-27,,,,,
2019-09-26,,,,,
2019-09-25,,,,,
2019-09-24,,,,,
2019-09-23,,,,,
2019-09-20,,,,,
2019-09-19,,,,,
2019-09-18,,,,,
2019-09-17,,,,,
2019-09-16,,,,,
2019-09-13,,,,,
2019-09-12,,,,,
2019-09-11,,,,,
2019-09-10,,,,,
2019-09-09,,,,,
2019-09-06,,,,,
2019-09-05,,,,,
2019-09-04,,,,,
2019-09-03,,,,,
2019-09-02,,,,,
2019-08-30,,,,,
2019-08-29,,,,,
2019-08-28,,,,,
2019-08-27,,,,,
2019-08-26,,,,,
2019-08-23,,,,,
2019-08-22,,,,,
2019-08-21,,,,,
2019-08-20,,,,,
2019-08-19,,,,,
2019-08-16,,,,,
2019-08-15,,,,,
2019-08-14,,,,,
2019-08-13,,,,,
2019-08-12,,,,,
2019-08-09,,,,,
2019-08-08,,,,,
2019-08-07,,,,,
2019-08-06,,,,,
2019-08-05,,,,,
2019-08-02,,,,,
2019-08-01,,,,,
2019-07-31,,,,,
2019-07-30,,,,,
2019-07-29,,,,,
2019-07-26,,,,,
2019-07-25,,,,,
2019-07-24,,,,,
2019-07-23,,,,,
2019-07-22,,,,,
2019-07-19,,,,,
2019-07-18,,,,,
2019-07-17,,,,,
2019-07-16,,,,,
2019-07-15,,,,,
2019-07-12,,,,,
2019-07-11,,,,,
2019-07-10,,,,,
2019-07-09,,,,,
2019-07-08,,,,,
2019-07-05,,,,,
2019-07-04,,,,,
2019-07-03,,,,,
2019-07-02,,,,,
2019-07-01,,,,,
2019-06-28,,,,,
2019-06-27,,,,,
2019-06-26,,,,,
2019-06-25,,,,,
2019-06-24,,,,,
2019-06-21,,,,,
2019-06-20,,,,,
2019-06-19,,,,,
2019-06-18,,,,,
2019-06-17,,,,,
2019-06-14,,,,,
2019-06-13,,,,,
2019-06-12,,,,,
2019-06-11,,,,,
2019-06-10,,,,,
2019-06-07,,,,,
2019-06-06,,,,,
2019-06-05,,,,,
2019-06-04,,,,,
2019-06-03,,,,,
2019-05-31,,,,,
2019-05-30,,,,,
2019-05-29,,,,,
2019-05-28,,,,,
2019-05-27,,,,,
2019-05-24,,,,,
2019-05-23,,,,,
2019-05-22,,,,,
2019-05-21,,,,,
2019-05-20,,,,,
2019-05-17,,,,,
2019-05-16,,,,,
2019-05-15,,,,,
2019-05-14,,,,,
2019-05-13,,,,,
2019-05-10,,,,,
2019-05-09,,,,,
2019-05-08,,,,,
2019-05-07,,,,,
2019-05-06,,,,,
2019-05-03,,,,,
2019-05-02,,,,,
2019-05-01,,,,,
2019-04-30,,,,,
2019-04-29,,,,,
2019-04-26,,,,,
2019-04-25,,,,,
2019-04-24,,,,,
2019-04-23,,,,,
2019-04-22,,,,,
2019-04-18,,,,,
2019-04-17,,,,,
2019-04-16,,,,,
2019-04-15,,,,,
2019-04-12,,,,,
2019-04-11,,,,,
2019-04-10,,,,,
2019-04-09,,,,,
2019-04-08,,,,,
2019-04-05,,,,,
2019-04-04,,,,,
2019-04-03,,,,,
2019-04-02,,,,,
2019-04-01,,,,,
2019-03-29,,,,,
2019-03-28,,,,,
2019-03-27,,,,,
2019-03-26,,,,,
2019-03-25,,,,,
2019-03-22,,,,,
2019-03-21,,,,,
2019-03-20,,,,,
2019-03-19,,,,,
2019-03-18,,,,,
2019-03-15,,,,,
2019-03-14,,,,,
2019-03-13,,,,,
2019-03-12,,,,,
2019-03-11,,,,,
2019-03-08,,,,,
2019-03-07,,,,,
2019-03-06,,,,,
2019-03-05,,,,,
2019-03-04,,,,,
2019-03-01,,,,,
2019-02-28,,,,,
2019-02-27,,,,,
2019-02-26,,,,,
2019-02-25,,,,,
2019-02-22,,,,,
2019-02-21,,,,,
2019-02-20,,,,,
2019-02-19,,,,,
2019-02-18,,,,,
2019-02-15,,,,,
2019-02-14,,,,,
2019-02-13,,,,,
2019-02-12,,,,,
2019-02-11,,,,,
2019-02-08,,,,,
2019-02-07,,,,,
2019-02-06,,,,,
2019-02-05,,,,,
2019-02-04,,,,,
2019-02-01,,,,,
2019-01-31,,,,,
2019-01-30,,,,,
2019-01-29,,,,,
2019-01-28,,,,,
2019-01-25,,,,,
2019-01-24,,,,,
2019-01-23,,,,,
2019-01-22,,,,,
2019-01-21,,,,,
2019-01-18,,,,,
2019-01-17,,,,,
2019-01-16,,,,,
2019-01-15,,,,,
2019-01-14,,,,,
2019-01-11,,,,,
2019-01-10,,,,,
2019-01-09,,,,,
2019-01-08,,,,,
2019-01-07,,,,,
2019-01-04,,,,,
2019-01-03,,,,,
2019-01-02,,,,,
