Date,CHITTAGONG MDO,MONGLA MDO
2026-08-05,1122,1129
2026-08-04,1220,1227
2026-08-03,1216.5,1223.5
2026-07-31,1240.5,1247.5
2026-07-30,1239.5,1246.5
2026-07-29,1220.5,1227.5
2026-07-28,1228.5,1235.5
2026-07-27,1247,1254
2026-07-24,1297.5,1304.5
2026-07-23,1276.5,1283.5
2026-07-22,1236.5,1243.5
2026-07-21,1214,1221
2026-07-20,1180,1187
2026-07-17,1134.5,1141.5
2026-07-16,1159,1166
2026-07-15,1174,1181
2026-07-14,1100,1107
2026-07-13,1011,1018
2026-07-10,991,998
2026-07-09,979,986
2026-07-08,946,953
2026-07-07,927,934
2026-07-06,920.5,927.5
2026-07-03,905,912
2026-07-02,917.5,924.5
2026-07-01,911.5,918.5
2026-06-30,917,924
2026-06-29,909,916
2026-06-26,897.5,904.5
2026-06-25,892.5,899.5
2026-06-24,919.5,926.5
2026-06-23,941,948
2026-06-22,951.5,958.5
2026-06-19,928,935
2026-06-18,924.5,931.5
2026-06-17,938,945
2026-06-16,966,973
2026-06-15,988,995
2026-06-12,1063.5,1070.5
2026-06-11,1120,1127
2026-06-10,1127.5,1134.5
2026-06-09,1163,1170
2026-06-08,1177,1184
2026-06-05,1152,1159
2026-06-04,1197,1204
2026-06-03,1178,1185
2026-06-02,1148.5,1155.5
2026-06-01,1095,1102
2026-05-29,1076,1083
2026-05-28,1134,1141
2026-05-27,1120,1127
2026-05-26,1131.5,1138.5
2026-05-25,1101,1108
2026-05-22,1187.5,1194.5
2026-05-21,1220,1227
2026-05-20,1270.5,1277.5
2026-05-19,1271,1278
2026-05-18,1276.5,1283.5
2026-05-15,1252.5,1259.5
2026-05-14,1233.5,1240.5
2026-05-13,1246.5,1253.5
2026-05-12,1216.5,1223.5
2026-05-11,1211.5,1218.5
2026-05-08,1159.5,1166.5
2026-05-07,1197,1204
2026-05-06,1190,1197
2026-05-05,1273,1280
2026-05-04,1296.5,1303.5
2026-05-01,1302,1309
2026-04-30,1366.5,1373.5
2026-04-29,1307.5,1314.5
2026-04-28,1289.5,1296.5
2026-04-27,1333.5,1340.5
2026-04-24,1337.5,1344.5
2026-04-23,1310.5,1317.5
2026-04-22,1288,1295
2026-04-21,1193,1200
2026-04-20,1272.5,1279.5
2026-04-17,1372,1379
2026-04-16,1392,1399
2026-04-15,1410,1417
2026-04-14,1508,1515
2026-04-13,1600,1607
2026-04-10,1646.5,1653.5
2026-04-09,1591.5,1598.5
2026-04-08,1688,1695
2026-04-07,1920.5,1927.5
2026-04-06,2079,2086
2026-04-03,1916,1923
2026-04-02,1916,1923
2026-04-01,1851,1858
2026-03-31,1882.5,1889.5
2026-03-30,1860,1867
2026-03-27,1753,1760
2026-03-26,1688.5,1695.5
2026-03-25,1676.5,1683.5
2026-03-24,1799,1806
2026-03-23,1955,1962
2026-03-20,1837.5,1844.5
2026-03-19,1888,1895
2026-03-18,1792,1799
2026-03-17,1822,1829
2026-03-16,1880.5,1887.5
2026-03-13,1935,1942
2026-03-12,1794.5,1801.5
2026-03-11,1694.5,1701.5
2026-03-10,1611,1618
2026-03-09,1783,1790
2026-03-06,1398,1405
2026-03-05,1172,1179
2026-03-04,1054.5,1061.5
2026-03-03,982.5,989.5
2026-03-02,825.5,832.5
2026-02-27,724.5,731.5
2026-02-26,723,730
2026-02-25,719,726
2026-02-24,725.5,732.5
2026-02-23,719.5,726.5
2026-02-20,727,734
2026-02-19,717.5,724.5
2026-02-18,686,693
2026-02-17,691.5,698.5
2026-02-16,685,692
2026-02-13,686.5,693.5
2026-02-12,698,705
2026-02-11,690,697
2026-02-10,693.5,700.5
2026-02-09,687,694
2026-02-06,689,696
2026-02-05,686.5,693.5
2026-02-04,687.5,694.5
2026-02-03,686,693
2026-02-02,693,700
2026-01-30,694,701
2026-01-29,695,702
2026-01-28,677.5,684.5
2026-01-27,664,671
2026-01-26,663.5,670.5
2026-01-23,657.5,664.5
2026-01-22,654,661
2026-01-21,643.5,650.5
2026-01-20,633.5,640.5
2026-01-19,632.5,639.5
2026-01-16,635,642
2026-01-15,644,651
2026-01-14,645.5,652.5
2026-01-13,631.5,638.5
2026-01-12,622.5,629.5
2026-01-09,622,629
2026-01-08,608.5,615.5
2026-01-07,618,625
2026-01-06,621.5,628.5
2026-01-05,618.5,625.5
2026-01-02,628.5,635.5
2026-01-01,631.5,638.5
2025-12-31,630,637
2025-12-30,621.5,628.5
2025-12-29,617,624
2025-12-26,619.5,626.5
2025-12-25,629.5,636.5
2025-12-24,629.5,636.5
2025-12-23,629,636
2025-12-22,630,637
2025-12-19,638,645
2025-12-18,634.5,641.5
2025-12-17,641.5,648.5
2025-12-16,642,649
2025-12-15,647,654
2025-12-12,653,660
2025-12-11,657.5,664.5
2025-12-10,670.5,677.5
2025-12-09,681.5,688.5
2025-12-08,686,693
2025-12-05,682.5,689.5
2025-12-04,674,681
2025-12-03,676.5,683.5
2025-12-02,686.5,693.5
2025-12-01,696,703
2025-11-28,687,694
2025-11-27,683,690
2025-11-26,688.5,695.5
2025-11-25,697.5,704.5
2025-11-24,713,720
2025-11-21,749.5,756.5
2025-11-20,775,782
2025-11-19,778,785
2025-11-18,758,765
2025-11-17,756.5,763.5
2025-11-14,754,761
2025-11-13,759,766
2025-11-12,768,775
2025-11-11,764,771
2025-11-10,765,772
2025-11-07,766,773
2025-11-06,749.5,756.5
2025-11-05,747.5,754.5
2025-11-04,749,756
2025-11-03,752,759
2025-10-31,750.5,757.5
2025-10-30,744,751
2025-10-29,745,752
2025-10-28,738,745
2025-10-27,736,743
2025-10-24,732.5,739.5
2025-10-23,706.5,713.5
2025-10-22,684,691
2025-10-21,680.5,687.5
2025-10-20,672,679
2025-10-17,671.5,678.5
2025-10-16,676.5,683.5
2025-10-15,675.5,682.5
2025-10-14,681,688
2025-10-13,687.5,694.5
2025-10-10,689.5,696.5
2025-10-09,696.5,703.5
2025-10-08,690.5,697.5
2025-10-07,694,701
2025-10-06,692,699
2025-10-03,686,693
2025-10-02,701,708
2025-10-01,709,716
2025-09-30,704,711
2025-09-29,715.5,722.5
2025-09-26,715,722
2025-09-25,707,714
2025-09-24,703,710
2025-09-23,692.5,699.5
2025-09-22,695,702
2025-09-19,688,695
2025-09-18,695,702
2025-09-17,698,705
2025-09-16,687.5,694.5
2025-09-15,687.5,694.5
2025-09-12,686.5,693.5
2025-09-11,687.5,694.5
2025-09-10,686.5,693.5
2025-09-09,686,693
2025-09-08,679,686
2025-09-05,683,690
2025-09-04,688.5,695.5
2025-09-03,692,699
2025-09-02,685.5,692.5
2025-09-01,678,685
2025-08-29,671.5,678.5
2025-08-28,668.5,675.5
2025-08-27,669,676
2025-08-26,675,682
2025-08-25,674.5,681.5
2025-08-22,670,677
2025-08-21,666.5,673.5
2025-08-20,660,667
2025-08-19,657.5,664.5
2025-08-18,653.5,660.5
2025-08-15,660.5,667.5
2025-08-14,663,670
2025-08-13,664,671
2025-08-12,674.5,681.5
2025-08-11,675,682
2025-08-08,676,683
2025-08-07,674,681
2025-08-06,688,695
2025-08-05,693,700
2025-08-04,697.5,704.5
2025-08-01,717,724
2025-07-31,716.5,723.5
2025-07-30,713,720
2025-07-29,705,712
2025-07-28,701,708
2025-07-25,708.5,715.5
2025-07-24,705,712
2025-07-23,704.5,711.5
2025-07-22,708,715
2025-07-21,707.5,714.5
2025-07-18,711,718
2025-07-17,695.5,702.5
2025-07-16,695.5,702.5
2025-07-15,704.5,711.5
2025-07-14,710,717
2025-07-11,700,707
2025-07-10,707.5,714.5
2025-07-09,703.5,710.5
2025-07-08,699,706
2025-07-07,695.5,702.5
2025-07-04,689.5,696.5
2025-07-03,691,698
2025-07-02,680.5,687.5
2025-07-01,676,683
2025-06-30,677,684
2025-06-27,679,686
2025-06-26,679,686
2025-06-25,675.5,682.5
2025-06-24,678,685
2025-06-23,730.5,737.5
2025-06-20,744,751
2025-06-19,734.5,741.5
2025-06-18,713,720
2025-06-17,689,696
2025-06-16,683,690
2025-06-13,674.5,681.5
2025-06-12,643.5,650.5
2025-06-11,635,642
2025-06-10,637,644
2025-06-09,636,643
2025-06-06,626,633
2025-06-05,630,637
2025-06-04,624.5,631.5
2025-06-03,621.5,628.5
2025-06-02,618.5,625.5
2025-05-30,617.5,624.5
2025-05-29,620,627
2025-05-28,615.5,622.5
2025-05-27,617,624
2025-05-26,620,627
2025-05-23,617.5,624.5
2025-05-22,627.5,634.5
2025-05-21,635,642
2025-05-20,634,641
2025-05-19,626.5,633.5
2025-05-16,628,635
2025-05-15,634,641
2025-05-14,638,645
2025-05-13,613,620
2025-05-12,613.5,620.5
2025-05-09,605.5,612.5
2025-05-08,607.5,614.5
2025-05-07,613.5,620.5
2025-05-06,606.5,613.5
2025-05-05,598.5,605.5
2025-05-02,607.5,614.5
2025-05-01,624,631
2025-04-30,621,628
2025-04-29,632,639
2025-04-28,638,645
2025-04-25,635,642
2025-04-24,632,639
2025-04-23,637.5,644.5
2025-04-22,630.5,637.5
2025-04-21,624.5,631.5
2025-04-18,624,631
2025-04-17,629.5,636.5
2025-04-16,625.5,632.5
2025-04-15,622.5,629.5
2025-04-14,615,622
2025-04-11,610.5,617.5
2025-04-10,611,618
2025-04-09,598.5,605.5
2025-04-08,616,623
2025-04-07,615.5,622.5
2025-04-04,645.5,652.5
2025-04-03,679.5,686.5
2025-04-02,683,690
2025-04-01,682.5,689.5
2025-03-31,676.5,683.5
2025-03-28,673,680
2025-03-27,669,676
2025-03-26,668,675
2025-03-25,664.5,671.5
2025-03-24,662,669
2025-03-21,659,666
2025-03-20,659,666
2025-03-19,657,664
2025-03-18,663,670
2025-03-17,660,667
2025-03-14,657,664
2025-03-13,658.5,665.5
2025-03-12,659,666
2025-03-11,655.5,662.5
2025-03-10,661,668
2025-03-07,660,667
2025-03-06,660,667
2025-03-05,664.5,671.5
2025-03-04,663.5,670.5
2025-03-03,675.5,682.5
2025-02-28,677.5,684.5
2025-02-27,680.5,687.5
2025-02-26,685,692
2025-02-25,696.5,703.5
2025-02-24,700.5,707.5
2025-02-21,709.5,716.5
2025-02-20,710,717
2025-02-19,707,714
2025-02-18,706.5,713.5
2025-02-17,704.5,711.5
2025-02-14,707.5,714.5
2025-02-13,708,715
2025-02-12,717.5,724.5
2025-02-11,722,729
2025-02-10,713,720
2025-02-07,705.5,712.5
2025-02-06,704,711
2025-02-05,711.5,718.5
2025-02-04,708.5,715.5
2025-02-03,718.5,725.5
2025-01-31,714.5,721.5
2025-01-30,731.5,738.5
2025-01-29,730.5,737.5
2025-01-28,731,738
2025-01-27,728.5,735.5
2025-01-24,739,746
2025-01-23,739.5,746.5
2025-01-22,745.5,752.5
2025-01-21,756,763
2025-01-20,771.5,778.5
2025-01-17,767.5,774.5
2025-01-16,763,770
2025-01-15,748,755
2025-01-14,756,763
2025-01-13,757.5,764.5
2025-01-10,722,729
2025-01-09,715.5,722.5
2025-01-08,719,726
2025-01-07,713.5,720.5
2025-01-06,717,724
2025-01-03,718,725
2025-01-02,709.5,716.5
2024-12-30,697,704
2024-12-27,687,694
2024-12-26,684,691
2024-12-25,688,695
2024-12-24,688,695
2024-12-23,687,694
2024-12-20,692.5,699.5
2024-12-19,694.5,701.5
2024-12-18,694,701
2024-12-17,697,704
2024-12-16,700.5,707.5
2024-12-13,695.5,702.5
2024-12-12,690,697
2024-12-11,679.5,686.5
2024-12-10,673.5,680.5
2024-12-09,676.5,683.5
2024-12-06,675,682
2024-12-05,680,687
2024-12-04,683.5,690.5
2024-12-03,678,685
2024-12-02,683.5,690.5
2024-11-29,687.5,694.5
2024-11-28,685.5,692.5
2024-11-27,689,696
2024-11-26,693.5,700.5
2024-11-25,698,705
2024-11-22,700.5,707.5
2024-11-21,695,702
2024-11-20,695,702
2024-11-19,684.5,691.5
2024-11-18,670,677
2024-11-15,676.5,683.5
2024-11-14,680.5,687.5
2024-11-13,681.5,688.5
2024-11-12,678,685
2024-11-11,696,703
2024-11-08,700.5,707.5
2024-11-07,703,710
2024-11-06,704,711
2024-11-05,705.5,712.5
2024-11-04,702,709
2024-11-01,687.5,694.5
2024-10-31,667.5,674.5
2024-10-30,669.5,676.5
2024-10-29,660.5,667.5
2024-10-28,668,675
2024-10-25,671,678
2024-10-24,674,681
2024-10-23,677.5,684.5
2024-10-22,670.5,677.5
2024-10-21,671.5,678.5
2024-10-18,673,680
2024-10-17,666.5,673.5
2024-10-16,668.5,675.5
2024-10-15,678.5,685.5
2024-10-14,704,711
2024-10-11,711,718
2024-10-10,703,710
2024-10-09,706.5,713.5
2024-10-08,710,717
2024-10-07,705,712
2024-10-04,691,698
2024-10-03,681,688
2024-10-02,671,678
2024-10-01,647.5,654.5
2024-09-30,657,664
2024-09-27,648,655
2024-09-26,648,655
2024-09-25,659,666
2024-09-24,652,659
2024-09-23,648.5,655.5
2024-09-20,647,654
2024-09-19,645,652
2024-09-18,638,645
2024-09-17,636.5,643.5
2024-09-16,639,646
2024-09-13,639.5,646.5
2024-09-12,637,644
2024-09-11,631.5,638.5
2024-09-10,644,651
2024-09-09,644.5,651.5
2024-09-06,658.5,665.5
2024-09-05,660.5,667.5
2024-09-04,661,668
2024-09-03,680,687
2024-09-02,685.5,692.5
2024-08-30,690.5,697.5
2024-08-29,681,688
2024-08-28,691.5,698.5
2024-08-27,709,716
2024-08-26,703,710
2024-08-23,689,696
2024-08-22,685,692
2024-08-21,690,697
2024-08-20,692,699
2024-08-19,705.5,712.5
2024-08-16,718,725
2024-08-15,720,727
2024-08-14,724,731
2024-08-13,729,736
2024-08-12,720.5,727.5
2024-08-09,706,713
2024-08-08,705,712
2024-08-07,697.5,704.5
2024-08-06,695,702
2024-08-05,705,712
2024-08-02,733,740
2024-08-01,741,748
2024-07-31,731.5,738.5
2024-07-30,732,739
2024-07-29,738,745
2024-07-26,745,752
2024-07-25,738,745
2024-07-24,736,743
2024-07-23,743,750
2024-07-22,747.5,754.5
2024-07-19,757,764
2024-07-18,758.5,765.5
2024-07-17,749.5,756.5
2024-07-16,758,765
2024-07-15,761.5,768.5
2024-07-12,766.5,773.5
2024-07-11,765,772
2024-07-10,765.5,772.5
2024-07-09,773.5,780.5
2024-07-08,780,787
2024-07-05,786.5,793.5
2024-07-04,777,784
2024-07-03,786,793
2024-07-02,788,795
2024-07-01,781,788
2024-06-28,785.5,792.5
2024-06-27,780,787
2024-06-26,767.5,774.5
2024-06-25,773,780
2024-06-24,765.5,772.5
2024-06-21,766,773
2024-06-20,763,770
2024-06-19,760.5,767.5
2024-06-18,748,755
2024-06-17,747.5,754.5
2024-06-14,744,751
2024-06-13,748,755
2024-06-12,743.5,750.5
2024-06-11,733.5,740.5
2024-06-10,721,728
2024-06-07,716.5,723.5
2024-06-06,707.5,714.5
2024-06-05,707.5,714.5
2024-06-04,713.5,720.5
2024-06-03,732,739
2024-05-31,738,745
2024-05-30,746,753
2024-05-29,755,762
2024-05-28,744,751
2024-05-27,740.5,747.5
2024-05-24,737.5,744.5
2024-05-23,739,746
2024-05-22,747.5,754.5
2024-05-21,754,761
2024-05-20,756,763
2024-05-17,747,754
2024-05-16,738.5,745.5
2024-05-15,741.5,748.5
2024-05-14,742,749
2024-05-13,748.5,755.5
2024-05-10,759,766
2024-05-09,757,764
2024-05-08,745.5,752.5
2024-05-07,751.5,758.5
2024-05-06,752,759
2024-05-03,747,754
2024-05-02,762,769
2024-05-01,797,804
2024-04-30,786.5,793.5
2024-04-29,785,792
2024-04-26,790,797
2024-04-25,793.5,800.5
2024-04-24,785,792
2024-04-23,788.5,795.5
2024-04-22,777,784
2024-04-19,782.5,789.5
2024-04-18,794,801
2024-04-17,823.5,830.5
2024-04-16,819,826
2024-04-15,823,830
2024-04-12,833,840
2024-04-11,824,831
2024-04-10,831.5,838.5
2024-04-09,824,831
2024-04-08,827.5,834.5
2024-04-05,823.5,830.5
2024-04-04,820.5,827.5
2024-04-03,816,823
2024-04-02,799.5,806.5
2024-04-01,796.5,803.5
2024-03-29,803,810
2024-03-28,792,799
2024-03-27,798,805
2024-03-26,807.5,814.5
2024-03-25,802,809
2024-03-22,807,814
2024-03-21,804,811
2024-03-20,817,824
2024-03-19,821.5,828.5
2024-03-18,817,824
2024-03-15,809,816
2024-03-14,804.5,811.5
2024-03-13,794.5,801.5
2024-03-12,804.5,811.5
2024-03-11,799.5,806.5
2024-03-08,812,819
2024-03-07,800.5,807.5
2024-03-06,794.5,801.5
2024-03-05,799,806
2024-03-04,812.5,819.5
2024-03-01,811,818
2024-02-29,806.5,813.5
2024-02-28,810.5,817.5
2024-02-27,807.5,814.5
2024-02-26,809,816
2024-02-23,823.5,830.5
2024-02-22,822,829
2024-02-21,821,828
2024-02-20,832,839
2024-02-19,835,842
2024-02-16,837,844
2024-02-15,837.5,844.5
2024-02-14,853.5,860.5
2024-02-13,859,866
2024-02-12,838.5,845.5
2024-02-09,834,841
2024-02-08,833.5,840.5
2024-02-07,829,836
2024-02-06,821.5,828.5
2024-02-05,819.5,826.5
2024-02-02,827.5,834.5
2024-02-01,828,835
2024-01-31,830.5,837.5
2024-01-30,833.5,840.5
2024-01-29,835.5,842.5
2024-01-26,820,827
2024-01-25,799.5,806.5
2024-01-24,795,802
2024-01-23,797.5,804.5
2024-01-22,789,796
2024-01-19,795.5,802.5
2024-01-18,780,787
2024-01-17,791.5,798.5
2024-01-16,789.5,796.5
2024-01-15,797,804
2024-01-12,789.5,796.5
2024-01-11,775.5,782.5
2024-01-10,771,778
2024-01-09,767.5,774.5
2024-01-08,775,782
2024-01-05,776.5,783.5
2024-01-04,776.5,783.5
2024-01-03,759,766
2024-01-02,767.5,774.5
2024-01-01,761,768
2023-12-29,791,801
2023-12-28,808.5,818.5
2023-12-27,803,813
2023-12-26,804.5,814.5
2023-12-25,808.5,818.5
2023-12-22,808.5,818.5
2023-12-21,813,823
2023-12-20,817,827
2023-12-19,809,819
2023-12-18,803.5,813.5
2023-12-15,802,812
2023-12-14,779.5,789.5
2023-12-13,767.5,777.5
2023-12-12,785.5,795.5
2023-12-11,779.5,789.5
2023-12-08,779,789
2023-12-07,786,796
2023-12-06,796.5,806.5
2023-12-05,801.5,811.5
2023-12-04,810.5,820.5
2023-12-01,830.5,840.5
2023-11-30,849.5,859.5
2023-11-29,843,853
2023-11-28,834,844
2023-11-27,837,847
2023-11-24,840,850
2023-11-23,845,855
2023-11-22,853,863
2023-11-21,841.5,851.5
2023-11-20,827.5,837.5
2023-11-17,824.5,834.5
2023-11-16,851.5,861.5
2023-11-15,841.5,851.5
2023-11-14,842.5,852.5
2023-11-13,819.5,829.5
2023-11-10,823.5,833.5
2023-11-09,830.5,840.5
2023-11-08,850,860
2023-11-07,879.5,889.5
2023-11-06,889,899
2023-11-03,911,921
2023-11-02,899,909
2023-11-01,893,903
2023-10-31,898,908
2023-10-30,906,916
2023-10-27,923.5,933.5
2023-10-26,913,923
2023-10-25,908,918
2023-10-24,922,932
2023-10-23,942.5,952.5
2023-10-20,944,954
2023-10-19,931.5,941.5
2023-10-18,948.5,958.5
2023-10-17,942,952
2023-10-16,956.5,966.5
2023-10-13,934,944
2023-10-12,928.5,938.5
2023-10-11,933.5,943.5
2023-10-10,914.5,924.5
2023-10-09,935.5,945.5
2023-10-06,893.5,903.5
2023-10-05,916.5,926.5
2023-10-04,973.5,983.5
2023-10-03,984.5,994.5
2023-10-02,1016,1026
2023-09-29,1018,1028
2023-09-28,1004,1014
2023-09-27,987,997
2023-09-26,974.5,984.5
2023-09-25,999.5,1009.5
2023-09-22,1000,1010
2023-09-21,993.5,1003.5
2023-09-20,986,996
2023-09-19,997,1007
2023-09-18,1013.5,1023.5
2023-09-15,1026,1036
2023-09-14,1008.5,1018.5
2023-09-13,1000,1010
2023-09-12,1004,1014
2023-09-11,994,1004
2023-09-08,985.5,995.5
2023-09-07,976,986
2023-09-06,980.5,990.5
2023-09-05,964.5,974.5
2023-09-04,958.5,968.5
2023-09-01,961.5,971.5
2023-08-31,952,962
2023-08-30,969,979
2023-08-29,969,979
2023-08-28,976,986
2023-08-25,953.5,963.5
2023-08-24,940.5,950.5
2023-08-23,937,947
2023-08-22,937,947
2023-08-21,952.5,962.5
2023-08-18,942,952
2023-08-17,934.5,944.5
2023-08-16,941,951
2023-08-15,960,970
2023-08-14,965,975
2023-08-11,968.5,978.5
2023-08-10,989,999
2023-08-09,947,957
2023-08-08,932,942
2023-08-07,942,952
2023-08-04,949,959
2023-08-03,942.5,952.5
2023-08-02,947,957
2023-08-01,930.5,940.5
2023-07-31,911.5,921.5
2023-07-28,899,909
2023-07-27,886.5,896.5
2023-07-26,868.5,878.5
2023-07-25,865,875
2023-07-24,853.5,863.5
2023-07-21,833,843
2023-07-20,824.5,834.5
2023-07-19,816.5,826.5
2023-07-18,812.5,822.5
2023-07-17,804.5,814.5
2023-07-14,813.5,823.5
2023-07-13,812,822
2023-07-12,806,816
2023-07-11,791.5,801.5
2023-07-10,795.5,805.5
2023-07-07,781.5,791.5
2023-07-06,776,786
2023-07-05,767,777
2023-07-04,767.5,777.5
2023-07-03,764,774
2023-06-30,762.5,772.5
2023-06-29,753.5,763.5
2023-06-28,756,766
2023-06-27,773,783
2023-06-26,753.5,763.5
2023-06-23,767,777
2023-06-22,781,791
2023-06-21,773,783
2023-06-20,781.5,791.5
2023-06-19,785.5,795.5
2023-06-16,771.5,781.5
2023-06-15,746.5,756.5
2023-06-14,751,761
2023-06-13,739.5,749.5
2023-06-12,747,757
2023-06-09,761,771
2023-06-08,763,773
2023-06-07,755,765
2023-06-06,740,750
2023-06-05,761,771
2023-06-02,733,743
2023-06-01,724.5,734.5
2023-05-31,729,739
2023-05-30,745.5,755.5
2023-05-29,756.5,766.5
2023-05-26,748,758
2023-05-25,754,764
2023-05-24,749.5,759.5
2023-05-23,741.5,751.5
2023-05-22,739.5,749.5
2023-05-19,750.5,760.5
2023-05-18,740.5,750.5
2023-05-17,734,744
2023-05-16,731.5,741.5
2023-05-15,719,729
2023-05-12,728.5,738.5
2023-05-11,730.5,740.5
2023-05-10,730,740
2023-05-09,733.5,743.5
2023-05-08,720,730
2023-05-05,710.5,720.5
2023-05-04,701,711
2023-05-03,716.5,726.5
2023-05-02,738,748
2023-05-01,740,750
2023-04-28,738.5,748.5
2023-04-27,743.5,753.5
2023-04-26,767,777
2023-04-25,776.5,786.5
2023-04-24,767.5,777.5
2023-04-21,762.5,772.5
2023-04-20,771.5,781.5
2023-04-19,784.5,794.5
2023-04-18,791.5,801.5
2023-04-17,805.5,815.5
2023-04-14,809,819
2023-04-13,806,816
2023-04-12,805,815
2023-04-11,805.5,815.5
2023-04-10,815,825
2023-04-07,815,825
2023-04-06,819,829
2023-04-05,822,832
2023-04-04,827,837
2023-04-03,824.5,834.5
2023-03-31,789.5,799.5
2023-03-30,789,799
2023-03-29,795.5,805.5
2023-03-28,791.5,801.5
2023-03-27,781,791
2023-03-24,788,798
2023-03-23,785,795
2023-03-22,781,791
2023-03-21,768,778
2023-03-20,765,775
2023-03-17,776.5,786.5
2023-03-16,773.5,783.5
2023-03-15,800.5,810.5
2023-03-14,812,822
2023-03-13,822.5,832.5
2023-03-10,800.5,810.5
2023-03-09,832.5,842.5
2023-03-08,841.5,851.5
2023-03-07,859.5,869.5
2023-03-06,863.5,873.5
2023-03-03,849.5,859.5
2023-03-02,850,860
2023-03-01,847,857
2023-02-28,840.5,850.5
2023-02-27,837,847
2023-02-24,825.5,835.5
2023-02-23,819,829
2023-02-22,834,844
2023-02-21,829.5,839.5
2023-02-20,838.5,848.5
2023-02-17,851,861
2023-02-16,868.5,878.5
2023-02-15,876,886
2023-02-14,871,881
2023-02-13,868.5,878.5
2023-02-10,867.5,877.5
2023-02-09,870.5,880.5
2023-02-08,884.5,894.5
2023-02-07,854,864
2023-02-06,860.5,870.5
2023-02-03,889.5,899.5
2023-02-02,906.5,916.5
2023-02-01,946.5,956.5
2023-01-31,933,943
2023-01-30,955.5,965.5
2023-01-27,984,994
2023-01-26,972,982
2023-01-25,983.5,993.5
2023-01-24,968,978
2023-01-23,955.5,965.5
2023-01-20,998,1008
2023-01-19,976.5,986.5
2023-01-18,990.5,1000.5
2023-01-17,972.5,982.5
2023-01-16,963,973
2023-01-13,952,962
2023-01-12,934.5,944.5
2023-01-11,908.5,918.5
2023-01-10,902,912
2023-01-09,912.5,922.5
2023-01-06,901.5,911.5
2023-01-05,913.5,923.5
2023-01-04,917,927
2023-01-03,967.5,977.5
2023-01-02,965.5,975.5
2022-12-30,971.5,981.5
2022-12-29,971,981
2022-12-28,978.5,988.5
2022-12-27,979.5,989.5
2022-12-26,961,971
2022-12-23,961,971
2022-12-22,958.5,968.5
2022-12-21,951.5,961.5
2022-12-20,945.5,955.5
2022-12-19,992.5,1002.5
2022-12-16,1012.5,1022.5
2022-12-15,992,1002
2022-12-14,967.5,977.5
2022-12-13,927,937
2022-12-12,907,917
2022-12-09,924.5,934.5
2022-12-08,923.5,933.5
2022-12-07,948,958
2022-12-06,970.5,980.5
2022-12-05,1012,1022
2022-12-02,1018.5,1028.5
2022-12-01,1026.5,1036.5
2022-11-30,1008.5,1018.5
2022-11-29,1003,1013
2022-11-28,1012.5,1022.5
2022-11-25,1043.5,1053.5
2022-11-24,1045,1055
2022-11-23,1072.5,1082.5
2022-11-22,1068,1078
2022-11-21,1075,1085
2022-11-18,1096,1106
2022-11-17,1107.5,1117.5
2022-11-16,1112.5,1122.5
2022-11-15,1101,1111
2022-11-14,1105.5,1115.5
2022-11-11,1114,1124
2022-11-10,1092.5,1102.5
2022-11-09,1114,1124
2022-11-08,1120.5,1130.5
2022-11-07,1108.5,1118.5
2022-11-04,1113.5,1123.5
2022-11-03,1092.5,1102.5
2022-11-02,1095.5,1105.5
2022-11-01,1116.5,1126.5
2022-10-31,1123.5,1133.5
2022-10-28,1124.5,1134.5
2022-10-27,1106.5,1116.5
2022-10-26,1098.5,1108.5
2022-10-25,1078,1088
2022-10-24,1084,1094
2022-10-21,1079.5,1089.5
2022-10-20,1106,1116
2022-10-19,1090,1100
2022-10-18,1113,1123
2022-10-17,1100.5,1110.5
2022-10-14,1123,1133
2022-10-13,1114.5,1124.5
2022-10-12,1100.5,1110.5
2022-10-11,1119,1129
2022-10-10,1152.5,1162.5
2022-10-07,1132,1142
2022-10-06,1086,1096
2022-10-05,1036,1046
2022-10-04,1000.5,1010.5
2022-10-03,972,982
2022-09-30,978,988
2022-09-29,979.5,989.5
2022-09-28,944.5,954.5
2022-09-27,927,937
2022-09-26,941.5,951.5
2022-09-23,971,981
2022-09-22,994,1004
2022-09-21,995.5,1005.5
2022-09-20,957,967
2022-09-19,926.5,936.5
2022-09-16,936,946
2022-09-15,968,978
2022-09-14,1050,1060
2022-09-13,1098,1108
2022-09-12,1087,1097
2022-09-09,1072,1082
2022-09-08,1076,1086
2022-09-07,1087,1097
2022-09-06,1108,1118
2022-09-05,1113,1123
2022-09-02,1086,1096
2022-09-01,1101.5,1111.5
2022-08-31,1144.5,1154.5
2022-08-30,1182,1192
2022-08-29,1197.5,1207.5
2022-08-26,1208,1218
2022-08-25,1202,1212
2022-08-24,1169.5,1179.5
2022-08-23,1134.5,1144.5
2022-08-22,1099,1109
2022-08-19,1086.5,1096.5
2022-08-18,1067.5,1077.5
2022-08-17,1047.5,1057.5
2022-08-16,1056,1066
2022-08-15,1057,1067
2022-08-12,1065.5,1075.5
2022-08-11,1041,1051
2022-08-10,1012,1022
2022-08-09,1000.5,1010.5
2022-08-08,999.5,1009.5
2022-08-05,1027,1037
2022-08-04,1077,1087
2022-08-03,1054.5,1064.5
2022-08-02,1075,1085
2022-08-01,1105.5,1115.5
2022-07-29,1133,1143
2022-07-28,1133,1143
2022-07-27,1099,1109
2022-07-26,1088.5,1098.5
2022-07-25,1077.5,1087.5
2022-07-22,1085,1095
2022-07-21,1132,1142
2022-07-20,1131.5,1141.5
2022-07-19,1138.5,1148.5
2022-07-18,1158,1168
2022-07-15,1138,1148
2022-07-14,1164.5,1174.5
2022-07-13,1164.5,1174.5
2022-07-12,1179,1189
2022-07-11,1200.5,1210.5
2022-07-08,1196.5,1206.5
2022-07-07,1131.5,1141.5
2022-07-06,1209.5,1219.5
2022-07-05,1301,1311
2022-07-04,1316,1326
2022-07-01,1303,1313
2022-06-30,1323.5,1333.5
2022-06-29,1377,1387
2022-06-28,1402.5,1412.5
2022-06-27,1410.5,1420.5
2022-06-24,1418,1428
2022-06-23,1405.5,1415.5
2022-06-22,1407,1417
2022-06-21,1451.5,1461.5
2022-06-20,1402.5,1412.5
2022-06-17,1437.5,1447.5
2022-06-16,1424.5,1434.5
2022-06-15,1402.5,1412.5
2022-06-14,1445,1455
2022-06-13,1377,1387
2022-06-10,1380,1390
2022-06-09,1373.5,1383.5
2022-06-08,1395.5,1405.5
2022-06-07,1391,1401
2022-06-06,1356.5,1366.5
2022-06-03,1324,1334
2022-06-02,1302.5,1312.5
2022-06-01,1295,1305
2022-05-31,1316,1326
2022-05-30,1277,1287
2022-05-27,1237.5,1247.5
2022-05-26,1199.5,1209.5
2022-05-25,1185,1195
2022-05-24,1172.5,1182.5
2022-05-23,1154,1164
2022-05-20,1185,1195
2022-05-19,1138,1148
2022-05-18,1190,1200
2022-05-17,1214,1224
2022-05-16,1209.5,1219.5
2022-05-13,1194,1204
2022-05-12,1204,1214
2022-05-11,1199.5,1209.5
2022-05-10,1207.5,1217.5
2022-05-09,1254.5,1264.5
2022-05-06,1279,1289
2022-05-05,1289,1299
2022-05-04,1267.5,1277.5
2022-05-03,1273.5,1283.5
2022-05-02,1239,1249
2022-04-29,1243.5,1253.5
2022-04-28,1233.5,1243.5
2022-04-27,1188.5,1198.5
2022-04-26,1122.5,1132.5
2022-04-25,1163,1173
2022-04-22,1208,1218
2022-04-21,1229,1239
2022-04-20,1228,1238
2022-04-19,1261,1271
2022-04-18,1187.5,1197.5
2022-04-15,1187.5,1197.5
2022-04-14,1181.5,1191.5
2022-04-13,1134,1144
2022-04-12,1117,1127
2022-04-11,1098.5,1108.5
2022-04-08,1136,1146
2022-04-07,1117.5,1127.5
2022-04-06,1158.5,1168.5
2022-04-05,1192.5,1202.5
2022-04-04,1134.5,1144.5
2022-04-01,1105.5,1115.5
2022-03-31,1101,1111
2022-03-30,1138.5,1148.5
2022-03-29,1148,1158
2022-03-28,1174,1184
2022-03-25,1175,1185
2022-03-24,1191.5,1201.5
2022-03-23,1150.5,1160.5
2022-03-22,1156,1166
2022-03-21,1141.5,1151.5
2022-03-18,1063,1073
2022-03-17,1006,1016
2022-03-16,978,988
2022-03-15,998,1008
2022-03-14,1080.5,1090.5
2022-03-11,1156,1166
2022-03-10,1252.5,1262.5
2022-03-09,1342.5,1352.5
2022-03-08,1268.5,1278.5
2022-03-07,1260.5,1270.5
2022-03-04,1066.5,1076.5
2022-03-03,1069,1079
2022-03-02,1012,1022
2022-03-01,931,941
2022-02-28,921.5,931.5
2022-02-25,894,904
2022-02-24,903.5,913.5
2022-02-23,876.5,886.5
2022-02-22,891,901
2022-02-21,863,873
2022-02-18,857,867
2022-02-17,850.5,860.5
2022-02-16,870,880
2022-02-15,877,887
2022-02-14,881,891
2022-02-11,859.5,869.5
2022-02-10,860.5,870.5
2022-02-09,851,861
2022-02-08,858,868
2022-02-07,860.5,870.5
2022-02-04,854,864
2022-02-03,832,842
2022-02-02,827,837
2022-02-01,831,841
2022-01-31,835,845
2022-01-28,846,856
2022-01-27,816.5,826.5
2022-01-26,803.5,813.5
2022-01-25,795.5,805.5
2022-01-24,797.5,807.5
2022-01-21,795,805
2022-01-20,805.5,815.5
2022-01-19,805.5,815.5
2022-01-18,813,823
2022-01-17,802,812
2022-01-14,772,782
2022-01-13,760,770
2022-01-12,757,767
2022-01-11,744.5,754.5
2022-01-10,739,749
2022-01-07,737.5,747.5
2022-01-06,730.5,740.5
2022-01-05,722,732
2022-01-04,716,726
2022-01-03,703,713
2021-12-31,709,719
2021-12-30,704.5,714.5
2021-12-29,706.5,716.5
2021-12-28,710.5,720.5
2021-12-27,673.5,683.5
2021-12-24,682,692
2021-12-23,686.5,696.5
2021-12-22,670.5,680.5
2021-12-21,669.5,679.5
2021-12-20,674,684
2021-12-17,684.5,694.5
2021-12-16,680,690
2021-12-15,674.5,684.5
2021-12-14,689.5,699.5
2021-12-13,693.5,703.5
2021-12-10,695,705
2021-12-09,680,690
2021-12-08,681,691
2021-12-07,663.5,673.5
2021-12-06,678.5,688.5
2021-12-03,655,665
2021-12-02,636,646
2021-12-01,648,658
2021-11-30,663,673
2021-11-29,671.5,681.5
2021-11-26,704.5,714.5
2021-11-25,741,751
2021-11-24,720,730
2021-11-23,710,720
2021-11-22,710,720
2021-11-19,716.5,726.5
2021-11-18,717.5,727.5
2021-11-17,729.5,739.5
2021-11-16,739,749
2021-11-15,725,735
2021-11-12,745,755
2021-11-11,750,760
2021-11-10,757,767
2021-11-09,752.5,762.5
2021-11-08,741.5,751.5
2021-11-05,723.5,733.5
2021-11-04,730,740
2021-11-03,755,765
2021-11-02,750,760
2021-11-01,744.5,754.5
2021-10-29,739,749
2021-10-28,751,761
2021-10-27,755.5,765.5
2021-10-26,758,768
2021-10-25,760,770
2021-10-22,749,759
2021-10-21,759,769
2021-10-20,757.5,767.5
2021-10-19,759,769
2021-10-18,762.5,772.5
2021-10-15,759,769
2021-10-14,752,762
2021-10-13,741.5,751.5
2021-10-12,741,751
2021-10-11,737,747
2021-10-08,724.5,734.5
2021-10-07,711.5,721.5
2021-10-06,727.5,737.5
2021-10-05,714,724
2021-10-04,695,705
2021-10-01,687,697
2021-09-30,684,694
2021-09-29,681,691
2021-09-28,681.5,691.5
2021-09-27,677,687
2021-09-24,667,677
2021-09-23,655,665
2021-09-22,652,662
2021-09-21,642.5,652.5
2021-09-20,645.5,655.5
2021-09-17,650,660
2021-09-16,644.5,654.5
2021-09-15,636,646
2021-09-14,627.5,637.5
2021-09-13,631.5,641.5
2021-09-10,619,629
2021-09-09,624.5,634.5
2021-09-08,621,631
2021-09-07,625.5,635.5
2021-09-06,622,632
2021-09-03,623.5,633.5
2021-09-02,612.5,622.5
2021-09-01,622.5,632.5
2021-08-31,614,624
2021-08-30,613.5,623.5
2021-08-27,614,624
2021-08-26,606.5,616.5
2021-08-25,605.5,615.5
2021-08-24,595,605
2021-08-23,574.5,584.5
2021-08-20,573.5,583.5
2021-08-19,588,598
2021-08-18,594.5,604.5
2021-08-17,591.5,601.5
2021-08-16,601,611
2021-08-13,607,617
2021-08-12,616,626
2021-08-11,602.5,612.5
2021-08-10,600,610
2021-08-09,597,607
2021-08-06,607.5,617.5
2021-08-05,598.5,608.5
2021-08-04,616.5,626.5
2021-08-03,627,637
2021-08-02,636.5,646.5
2021-07-30,635.5,645.5
2021-07-29,634.5,644.5
2021-07-28,629,639
2021-07-27,627.5,637.5
2021-07-26,620,630
2021-07-23,622,632
2021-07-22,614.5,624.5
2021-07-21,601.5,611.5
2021-07-20,606,616
2021-07-19,616.5,626.5
2021-07-16,628.5,638.5
2021-07-15,629.5,639.5
2021-07-14,645,655
2021-07-13,635,645
2021-07-12,635,645
2021-07-09,635.5,645.5
2021-07-08,624,634
2021-07-07,634,644
2021-07-06,648.5,658.5
2021-07-05,643,653
2021-07-02,636,646
2021-07-01,640,650
2021-06-30,629,639
2021-06-29,630.5,640.5
2021-06-28,638,648
2021-06-25,639,649
2021-06-24,637.5,647.5
2021-06-23,638,648
2021-06-22,632,642
2021-06-21,626,636
2021-06-18,624,634
2021-06-17,632,642
2021-06-16,635,645
2021-06-15,626,636
2021-06-14,625.5,635.5
2021-06-11,619,629
2021-06-10,616.5,626.5
2021-06-09,615,625
2021-06-08,613,623
2021-06-07,615,625
2021-06-04,612.5,622.5
2021-06-03,613.5,623.5
2021-06-02,607.5,617.5
2021-06-01,612,622
2021-05-31,598,608
2021-05-28,594,604
2021-05-27,597,607
2021-05-26,597.5,607.5
2021-05-25,598,608
2021-05-24,592,602
2021-05-21,579,589
2021-05-20,589.5,599.5
2021-05-19,594,604
2021-05-18,606.5,616.5
2021-05-17,603,613
2021-05-14,590,600
2021-05-13,597.5,607.5
2021-05-12,598.5,608.5
2021-05-11,590,600
2021-05-10,600.5,610.5
2021-05-07,586,596
2021-05-06,590,600
2021-05-05,594.5,604.5
2021-05-04,588,598
2021-05-03,574.5,584.5
2021-04-30,580.5,590.5
2021-04-29,574,584
2021-04-28,564,574
2021-04-27,561.5,571.5
2021-04-26,554.5,564.5
2021-04-23,558.5,568.5
2021-04-22,559,569
2021-04-21,562.5,572.5
2021-04-20,574.5,584.5
2021-04-19,565.5,575.5
2021-04-16,570.5,580.5
2021-04-15,566,576
2021-04-14,553,563
2021-04-13,547,557
2021-04-12,548.5,558.5
2021-04-09,544.5,554.5
2021-04-08,545,555
2021-04-07,547,557
2021-04-06,552,562
2021-04-05,545,555
2021-04-02,551.5,561.5
2021-04-01,545,555
2021-03-31,554,564
2021-03-30,556.5,566.5
2021-03-29,551.5,561.5
2021-03-26,542.5,552.5
2021-03-25,545,555
2021-03-24,542.5,552.5
2021-03-23,548.5,558.5
2021-03-22,555,565
2021-03-19,558.5,568.5
2021-03-18,575.5,585.5
2021-03-17,578.5,588.5
2021-03-16,580.5,590.5
2021-03-15,592.5,602.5
2021-03-12,587,597
2021-03-11,587.5,597.5
2021-03-10,578,588
2021-03-09,589,599
2021-03-08,596,606
2021-03-05,595.5,605.5
2021-03-04,569,579
2021-03-03,565,575
2021-03-02,561,571
2021-03-01,577.5,587.5
2021-02-26,580.5,590.5
2021-02-25,588,598
2021-02-24,577.5,587.5
2021-02-23,578,588
2021-02-22,561,571
2021-02-19,562.5,572.5
2021-02-18,566,576
2021-02-17,567,577
2021-02-16,559.5,569.5
2021-02-15,558,568
2021-02-12,549,559
2021-02-11,549.5,559.5
2021-02-10,550.5,560.5
2021-02-09,547.5,557.5
2021-02-08,537,547
2021-02-05,530,540
2021-02-04,526,536
2021-02-03,521.5,531.5
2021-02-02,512,522
2021-02-01,502,512
2021-01-29,497.5,507.5
2021-01-28,500,510
2021-01-27,501.5,511.5
2021-01-26,498.5,508.5
2021-01-25,502.5,512.5
2021-01-22,497,507
2021-01-21,504.5,514.5
2021-01-20,506,516
2021-01-19,500,510
2021-01-18,502,512
2021-01-15,500.5,510.5
2021-01-14,505,515
2021-01-13,503,513
2021-01-12,498.5,508.5
2021-01-11,492,502
2021-01-08,487,497
2021-01-07,483,493
2021-01-06,489,499
2021-01-05,475.5,485.5
2021-01-04,481.5,491.5
2021-01-01,477.5,487.5
2020-12-31,477.5,487.5
2020-12-30,477.5,487.5
2020-12-29,479,489
2020-12-28,477,487
2020-12-25,474,484
2020-12-24,474,484
2020-12-23,467,477
2020-12-22,462,472
2020-12-21,463,473
2020-12-18,471,481
2020-12-17,472.5,482.5
2020-12-16,466.5,476.5
2020-12-15,466,476
2020-12-14,464,474
2020-12-11,460.5,470.5
2020-12-10,450,460
2020-12-09,451,461
2020-12-08,447,457
2020-12-07,448,458
2020-12-04,457.5,467.5
2020-12-03,443,453
2020-12-02,438.5,448.5
2020-12-01,443,453
2020-11-30,436.5,446.5
2020-11-27,440.5,450.5
2020-11-26,442.5,452.5
2020-11-25,441.5,451.5
2020-11-24,430,440
2020-11-23,424.5,434.5
2020-11-20,421,431
2020-11-19,413.5,423.5
2020-11-18,413,423
2020-11-17,410,420
2020-11-16,411.5,421.5
2020-11-13,402.5,412.5
2020-11-12,410.5,420.5
2020-11-11,417.5,427.5
2020-11-10,395.5,405.5
2020-11-09,379.5,389.5
2020-11-06,380,390
2020-11-05,378,388
2020-11-04,375,385
2020-11-03,372.5,382.5
2020-11-02,353,363
2020-10-30,362,372
2020-10-29,364.5,374.5
2020-10-28,369.5,379.5
2020-10-27,373,383
2020-10-26,373,383
2020-10-23,379,389
2020-10-22,380,390
2020-10-21,380,390
2020-10-20,381.5,391.5
2020-10-19,386,396
2020-10-16,386.5,396.5
2020-10-15,389,399
2020-10-14,382.5,392.5
2020-10-13,384,394
2020-10-12,381.5,391.5
2020-10-09,385,395
2020-10-08,384,394
2020-10-07,386.5,396.5
2020-10-06,377,387
2020-10-05,370.5,380.5
2020-10-02,376.5,386.5
2020-10-01,377.5,387.5
2020-09-30,374,384
2020-09-29,374,384
2020-09-28,374,384
2020-09-25,375.5,385.5
2020-09-24,370,380
2020-09-23,372.5,382.5
2020-09-22,376.5,386.5
2020-09-21,382,392
2020-09-18,388,398
2020-09-17,373.5,383.5
2020-09-16,377.5,387.5
2020-09-15,367,377
2020-09-14,365,375
2020-09-11,365,375
2020-09-10,373,383
2020-09-09,371.5,381.5
2020-09-08,382,392
2020-09-07,388,398
2020-09-04,398,408
2020-09-03,404,414
2020-09-02,413,423
2020-09-01,416.5,426.5
2020-08-31,417.5,427.5
2020-08-28,413.5,423.5
2020-08-27,420,430
2020-08-26,418.5,428.5
2020-08-25,416.5,426.5
2020-08-24,413.5,423.5
2020-08-21,414,424
2020-08-20,420,430
2020-08-19,424,434
2020-08-18,417,427
2020-08-17,419,429
2020-08-14,418,428
2020-08-13,424,434
2020-08-12,421.5,431.5
2020-08-11,422,432
2020-08-10,417,427
2020-08-07,423,433
2020-08-06,426.5,436.5
2020-08-05,428.5,438.5
2020-08-04,413,423
2020-08-03,419,429
2020-07-31,425.5,435.5
2020-07-30,425.5,435.5
2020-07-29,424,434
2020-07-28,423,433
2020-07-27,423.5,433.5
2020-07-24,428,438
2020-07-23,434.5,444.5
2020-07-22,428,438
2020-07-21,422.5,432.5
2020-07-20,417,427
2020-07-17,419,429
2020-07-16,418.5,428.5
2020-07-15,419.5,429.5
2020-07-14,417,427
2020-07-13,419.5,429.5
2020-07-10,415.5,425.5
2020-07-09,417.5,427.5
2020-07-08,417.5,427.5
2020-07-07,418,428
2020-07-06,422.5,432.5
2020-07-03,414.5,424.5
2020-07-02,418.5,428.5
2020-07-01,415.5,425.5
2020-06-30,403,413
2020-06-29,396,406
2020-06-26,405,415
2020-06-25,396.5,406.5
2020-06-24,410,420
2020-06-23,411.5,421.5
2020-06-22,407.5,417.5
2020-06-19,408.5,418.5
2020-06-18,402,412
2020-06-17,403.5,413.5
2020-06-16,390,400
2020-06-15,377,387
2020-06-12,377,387
2020-06-11,386.5,396.5
2020-06-10,387.5,397.5
2020-06-09,381.5,391.5
2020-06-08,389,399
2020-06-05,367.5,377.5
2020-06-04,359,369
2020-06-03,363,373
2020-06-02,360,370
2020-06-01,352,362
2020-05-29,330,340
2020-05-28,333.5,343.5
2020-05-27,344,354
2020-05-26,342,352
2020-05-22,324,334
2020-05-21,335.5,345.5
2020-05-20,330.5,340.5
2020-05-19,330,340
2020-05-18,315,325
2020-05-15,297.5,307.5
2020-05-14,283.5,293.5
2020-05-13,278.5,288.5
2020-05-12,287.5,297.5
2020-05-11,294,304
2020-05-08,284,294
2020-05-07,292,302
2020-05-06,295.5,305.5
2020-05-05,287.5,297.5
2020-05-04,271.5,281.5
2020-05-01,275.5,285.5
2020-04-30,275.5,285.5
2020-04-29,256.5,266.5
2020-04-28,242,252
2020-04-27,260.5,270.5
2020-04-24,267,277
2020-04-23,276,286
2020-04-22,254,264
2020-04-21,274.5,284.5
2020-04-20,301.5,311.5
2020-04-17,307.5,317.5
2020-04-16,296.5,306.5
2020-04-15,294,304
2020-04-14,305,315
2020-04-13,313.5,323.5
2020-04-09,318.5,328.5
2020-04-08,321,331
2020-04-07,319,329
2020-04-06,328,338
2020-04-03,318.5,328.5
2020-04-02,304.5,314.5
2020-04-01,313,323
2020-03-31,319.5,329.5
2020-03-30,320,330
2020-03-27,321,331
2020-03-26,326.5,336.5
2020-03-25,336,346
2020-03-24,339,349
2020-03-23,321.5,331.5
2020-03-20,360.5,370.5
2020-03-19,322.5,332.5
2020-03-18,337.5,347.5
2020-03-17,357,367
2020-03-16,366.5,376.5
2020-03-13,383.5,393.5
2020-03-12,380,390
2020-03-11,408.5,418.5
2020-03-10,402.5,412.5
2020-03-09,400,410
2020-03-06,475,485
2020-03-05,491,501
2020-03-04,493,503
2020-03-03,494.5,504.5
2020-03-02,489.5,499.5
2020-02-28,474,484
2020-02-27,476.5,486.5
2020-02-26,512,522
2020-02-25,528.5,538.5
2020-02-24,536,546
2020-02-21,548.5,558.5
2020-02-20,555,565
2020-02-19,555,565
2020-02-18,545.5,555.5
2020-02-14,558,568
2020-02-13,553.5,563.5
2020-02-12,559,569
2020-02-11,557.5,567.5
2020-02-10,561.5,571.5
2020-02-07,576,586
2020-02-06,583.5,593.5
2020-02-05,572.5,582.5
2020-02-04,577,587
2020-02-03,581.5,591.5
2020-01-31,606.5,616.5
2020-01-30,618,628
2020-01-29,629.5,639.5
2020-01-28,622,632
2020-01-27,662,672
2020-01-24,664,674
2020-01-23,662.5,672.5
2020-01-22,677,687
2020-01-21,689,699
2020-01-20,697.5,707.5
2020-01-17,694,704
2020-01-16,706.5,716.5
2020-01-15,711,721
2020-01-14,716.5,726.5
2020-01-13,734,744
2020-01-10,749.5,759.5
2020-01-09,753.5,763.5
2020-01-08,773.5,783.5
2020-01-07,775.5,785.5
2020-01-06,778,788
2020-01-03,752,762
2020-01-02,739.5,749.5
2019-12-31,740.5,749.5
2019-12-30,735.5,744.5
2019-12-27,716.5,725.5
2019-12-26,696.5,705.5
2019-12-24,683,692
2019-12-23,689.5,698.5
2019-12-20,687.5,696.5
2019-12-19,673,682
2019-12-18,667,676
2019-12-17,648,657
2019-12-16,636,645
2019-12-13,635,644
2019-12-12,623.5,632.5
2019-12-11,616.5,625.5
2019-12-10,619.5,628.5
2019-12-09,617,626
2019-12-06,616.5,625.5
2019-12-05,612.5,621.5
2019-12-04,600,609
2019-12-03,599.5,608.5
2019-12-02,602.5,611.5
2019-11-29,605.5,614.5
2019-11-28,609,618
2019-11-27,617,626
2019-11-26,610.5,619.5
2019-11-25,601.5,610.5
2019-11-22,600.5,609.5
2019-11-21,591,600
2019-11-20,585,594
2019-11-19,596,605
2019-11-18,611,620
2019-11-15,610,619
2019-11-14,606,615
2019-11-13,595.5,604.5
2019-11-12,605,614
2019-11-11,602.5,611.5
2019-11-08,594.5,603.5
2019-11-07,609.5,618.5
2019-11-06,614,623
2019-11-05,613,622
2019-11-04,613,622
2019-11-01,604.5,613.5
2019-10-31,611.5,620.5
2019-10-30,615,624
2019-10-29,616,625
2019-10-28,629.5,638.5
2019-10-25,629,638
2019-10-24,619.5,628.5
2019-10-23,608.5,617.5
2019-10-22,609.5,618.5
2019-10-21,612,621
2019-10-18,615,624
2019-10-17,612.5,621.5
2019-10-16,613.5,622.5
2019-10-15,611.5,620.5
2019-10-14,617.5,626.5
2019-10-11,622.5,631.5
2019-10-10,613,622
2019-10-09,608,617
2019-10-08,605,614
2019-10-07,605.5,614.5
2019-10-04,603.5,612.5
2019-10-03,606.5,615.5
2019-10-02,610.5,619.5
2019-10-01,617,626
2019-09-30,623.5,632.5
2019-09-27,628,637
2019-09-26,622.5,631.5
2019-09-25,620,629
2019-09-24,639,648
2019-09-23,637,646
2019-09-20,642,651
2019-09-19,634,643
2019-09-18,632,641
2019-09-17,678.5,687.5
2019-09-16,592,601
2019-09-13,605.5,614.5
2019-09-12,616,625
2019-09-11,620,629
2019-09-10,608.5,617.5
2019-09-09,600.5,609.5
2019-09-06,599.5,608.5
2019-09-05,592.5,601.5
2019-09-04,584.5,593.5
2019-09-03,580.5,589.5
2019-09-02,599,608
2019-08-30,600,609
2019-08-29,603,612
2019-08-28,598,607
2019-08-27,593,602
2019-08-26,593.5,602.5
2019-08-23,598,607
2019-08-22,602.5,611.5
2019-08-21,598,607
2019-08-20,597.5,606.5
2019-08-19,598,607
2019-08-16,598.5,607.5
2019-08-15,596,605
2019-08-14,607,616
2019-08-13,595.5,604.5
2019-08-12,588,597
2019-08-09,586,595
2019-08-08,584,593
2019-08-07,591.5,600.5
2019-08-06,595.5,604.5
2019-08-05,615.5,624.5
2019-08-02,624,633
2019-08-01,636.5,645.5
2019-07-31,635,644
2019-07-30,630,639
2019-07-29,627,636
2019-07-26,627,636
2019-07-25,627.5,636.5
2019-07-24,626.5,635.5
2019-07-23,626.5,635.5
2019-07-22,622.5,631.5
2019-07-19,619,628
2019-07-18,626,635
2019-07-17,632,641
2019-07-16,640,649
2019-07-15,641,650
2019-07-12,645,654
2019-07-11,641,650
2019-07-10,629,638
2019-07-09,618.5,627.5
2019-07-08,617.5,626.5
2019-07-05,612.5,621.5
2019-07-04,617,626
2019-07-03,624,633
2019-07-02,628.5,637.5
2019-07-01,630,639
2019-06-28,627,636
2019-06-27,627.5,636.5
2019-06-26,621,630
2019-06-25,613,622
2019-06-24,614,623
2019-06-21,605,614
2019-06-20,589.5,598.5
2019-06-19,585,594
2019-06-18,580.5,589.5
2019-06-17,582,591
2019-06-14,586,595
2019-06-13,585,594
2019-06-12,586,595
2019-06-11,591.5,600.5
2019-06-10,594.5,603.5
2019-06-07,591,600
2019-06-06,591,600
2019-06-05,596.5,605.5
2019-06-04,589,598
2019-06-03,600.5,609.5
2019-05-31,619.5,628.5
2019-05-30,634.5,643.5
2019-05-29,634,643
2019-05-28,641,650
2019-05-27,634,643
2019-05-24,638.5,647.5
2019-05-23,648,657
2019-05-22,658.5,667.5
2019-05-21,660,669
2019-05-20,670.5,679.5
2019-05-17,662.5,671.5
2019-05-16,660,669
2019-05-15,650,659
2019-05-14,646.5,655.5
2019-05-13,650,659
2019-05-10,647,656
2019-05-09,643.5,652.5
2019-05-08,646,655
2019-05-07,650.5,659.5
2019-05-06,648.5,657.5
2019-05-03,648.5,657.5
2019-05-02,652.5,661.5
2019-05-01,655,664
2019-04-30,654,663
2019-04-29,652.5,661.5
2019-04-26,656.5,665.5
2019-04-25,668,677
2019-04-24,665.5,674.5
2019-04-23,663,672
2019-04-22,660,669
2019-04-18,653.5,662.5
2019-04-17,654,663
2019-04-16,651,660
2019-04-15,654.5,663.5
2019-04-12,656,665
2019-04-11,653,662
2019-04-10,647.5,656.5
2019-04-09,647,656
2019-04-08,639.5,648.5
2019-04-05,637,646
2019-04-04,636.5,645.5
2019-04-03,640.5,649.5
2019-04-02,635,644
2019-04-01,634,643
2019-03-29,633,642
2019-03-28,634,643
2019-03-27,636,645
2019-03-26,636,645
2019-03-25,634.5,643.5
2019-03-22,640.5,649.5
2019-03-21,642,651
2019-03-20,641.5,650.5
2019-03-19,642.5,651.5
2019-03-18,642.5,651.5
2019-03-15,644,653
2019-03-14,645.5,654.5
2019-03-13,645.5,654.5
2019-03-12,647,656
2019-03-11,645,654
2019-03-08,642,651
2019-03-07,646,655
2019-03-06,643,652
2019-03-05,645.5,654.5
2019-03-04,649,658
2019-03-01,652.5,661.5
2019-02-28,646,655
2019-02-27,647,656
2019-02-26,643.5,652.5
2019-02-25,645.5,654.5
2019-02-22,643.5,652.5
2019-02-21,644,653
2019-02-20,639,648
2019-02-19,637,646
2019-02-18,630,639
2019-02-15,622.5,631.5
2019-02-14,614.5,623.5
2019-02-13,612,621
2019-02-12,604,613
2019-02-11,604,613
2019-02-08,602,611
2019-02-07,603.5,612.5
2019-02-06,602,611
2019-02-05,618.5,627.5
2019-02-04,602,611
2019-02-01,598.5,607.5
2019-01-31,600.5,609.5
2019-01-30,595.5,604.5
2019-01-29,587,596
2019-01-28,588.5,597.5
2019-01-25,599.5,608.5
2019-01-24,597.5,606.5
2019-01-23,599,608
2019-01-22,597.5,606.5
2019-01-21,601,610
2019-01-18,599.5,608.5
2019-01-17,594,603
2019-01-16,593,602
2019-01-15,590,599
2019-01-14,591.5,600.5
2019-01-11,594,603
2019-01-10,581.5,590.5
2019-01-09,574,583
2019-01-08,567.5,576.5
2019-01-07,560.5,569.5
2019-01-04,544.5,553.5
2019-01-03,530,539
2019-01-02,527,536
