Service_Code,Direction,Origin_Port,Origin_Port_Code,Destination_Port,Destination_Port_Code,Published_Transit_Days,Source_File,Data_Notes
BD1,West-Bound,Singapore,SGSIN,Chittagong,BDCGP,5,BD1-CHITTAGONG-SERVICE_PIL-L24042026(1).pdf,
BD1,East-Bound,Chittagong,BDCGP,Singapore,SGSIN,5,BD1-CHITTAGONG-SERVICE_PIL-L24042026(1).pdf,
BD2,West-Bound,Singapore,SGSIN,Chittagong,BDCGP,5,BD2-CHITTAGONG-MONGLA-SERVICE_PIL-L24042026.pdf,
BD2,West-Bound,Singapore,SGSIN,Mongla,BDMGL,8,BD2-CHITTAGONG-MONGLA-SERVICE_PIL-L24042026.pdf,
BD2,East-Bound,Chittagong,BDCGP,Singapore,SGSIN,8,BD2-CHITTAGONG-MONGLA-SERVICE_PIL-L24042026.pdf,
BD2,East-Bound,Chittagong,BDCGP,Mongla,BDMGL,1,BD2-CHITTAGONG-MONGLA-SERVICE_PIL-L24042026.pdf,
BD2,East-Bound,Mongla,BDMGL,Singapore,SGSIN,5,BD2-CHITTAGONG-MONGLA-SERVICE_PIL-L24042026.pdf,
CAS,West-Bound,Singapore,SGSIN,Kolkata,INCCU,6,CAS-CALCUTTA-EXPRESS-SERVICE_PIL-L24042026.pdf,
CAS,East-Bound,Kolkata,INCCU,Singapore,SGSIN,6,CAS-CALCUTTA-EXPRESS-SERVICE_PIL-L24042026.pdf,
CCS,West-Bound,Xiamen,CNXMN,Haiphong,VNHPH,4,CCS-CHINA-CALCUTTA-SERVICE_PIL-L24042026.pdf,
CCS,West-Bound,Xiamen,CNXMN,Singapore,SGSIN,9,CCS-CHINA-CALCUTTA-SERVICE_PIL-L24042026.pdf,
CCS,West-Bound,Xiamen,CNXMN,Kolkata,INCCU,16,CCS-CHINA-CALCUTTA-SERVICE_PIL-L24042026.pdf,
CCS,West-Bound,Shekou,CNSHK,Haiphong,VNHPH,2,CCS-CHINA-CALCUTTA-SERVICE_PIL-L24042026.pdf,
CCS,West-Bound,Shekou,CNSHK,Singapore,SGSIN,7,CCS-CHINA-CALCUTTA-SERVICE_PIL-L24042026.pdf,
CCS,West-Bound,Shekou,CNSHK,Kolkata,INCCU,14,CCS-CHINA-CALCUTTA-SERVICE_PIL-L24042026.pdf,
CCS,West-Bound,Haiphong,VNHPH,Singapore,SGSIN,5,CCS-CHINA-CALCUTTA-SERVICE_PIL-L24042026.pdf,
CCS,West-Bound,Haiphong,VNHPH,Kolkata,INCCU,12,CCS-CHINA-CALCUTTA-SERVICE_PIL-L24042026.pdf,
CCS,West-Bound,Singapore,SGSIN,Kolkata,INCCU,6,CCS-CHINA-CALCUTTA-SERVICE_PIL-L24042026.pdf,
CCS,East-Bound,Kolkata,INCCU,Xiamen,CNXMN,10,CCS-CHINA-CALCUTTA-SERVICE_PIL-L24042026.pdf,
CCS,East-Bound,Kolkata,INCCU,Shekou,CNSHK,12,CCS-CHINA-CALCUTTA-SERVICE_PIL-L24042026.pdf,
CCS,East-Bound,Kolkata,INCCU,Haiphong,VNHPH,16,CCS-CHINA-CALCUTTA-SERVICE_PIL-L24042026.pdf,
CVI,West-Bound,Shanghai,CNSHA,Singapore,SGSIN,12,CVI-CHINA-VIZAG-INDIA-SERVICE_PIL-L24042026.pdf,
CVI,West-Bound,Shanghai,CNSHA,Chennai,INMAA,18,CVI-CHINA-VIZAG-INDIA-SERVICE_PIL-L24042026.pdf,
CVI,West-Bound,Shanghai,CNSHA,Gangavaram,INGAV,20,CVI-CHINA-VIZAG-INDIA-SERVICE_PIL-L24042026.pdf,
CVI,West-Bound,Ningbo,CNNGB,Singapore,SGSIN,10,CVI-CHINA-VIZAG-INDIA-SERVICE_PIL-L24042026.pdf,
CVI,West-Bound,Ningbo,CNNGB,Chennai,INMAA,16,CVI-CHINA-VIZAG-INDIA-SERVICE_PIL-L24042026.pdf,
CVI,West-Bound,Ningbo,CNNGB,Gangavaram,INGAV,18,CVI-CHINA-VIZAG-INDIA-SERVICE_PIL-L24042026.pdf,
CVI,West-Bound,Nansha,CNNSA,Singapore,SGSIN,6,CVI-CHINA-VIZAG-INDIA-SERVICE_PIL-L24042026.pdf,
CVI,West-Bound,Nansha,CNNSA,Chennai,INMAA,12,CVI-CHINA-VIZAG-INDIA-SERVICE_PIL-L24042026.pdf,
CVI,West-Bound,Nansha,CNNSA,Gangavaram,INGAV,14,CVI-CHINA-VIZAG-INDIA-SERVICE_PIL-L24042026.pdf,
CVI,West-Bound,Singapore,SGSIN,Chennai,INMAA,5,CVI-CHINA-VIZAG-INDIA-SERVICE_PIL-L24042026.pdf,
CVI,West-Bound,Singapore,SGSIN,Gangavaram,INGAV,7,CVI-CHINA-VIZAG-INDIA-SERVICE_PIL-L24042026.pdf,
CVI,West-Bound,Chennai,INMAA,Gangavaram,INGAV,1,CVI-CHINA-VIZAG-INDIA-SERVICE_PIL-L24042026.pdf,
CVI,East-Bound,Chennai,INMAA,Gangavaram,INGAV,1,CVI-CHINA-VIZAG-INDIA-SERVICE_PIL-L24042026.pdf,
CVI,East-Bound,Chennai,INMAA,Port Klang Westport,MYPKG,7,CVI-CHINA-VIZAG-INDIA-SERVICE_PIL-L24042026.pdf,
CVI,East-Bound,Chennai,INMAA,Singapore,SGSIN,9,CVI-CHINA-VIZAG-INDIA-SERVICE_PIL-L24042026.pdf,
CVI,East-Bound,Chennai,INMAA,Shanghai,CNSHA,16,CVI-CHINA-VIZAG-INDIA-SERVICE_PIL-L24042026.pdf,
CVI,East-Bound,Chennai,INMAA,Ningbo,CNNGB,18,CVI-CHINA-VIZAG-INDIA-SERVICE_PIL-L24042026.pdf,
CVI,East-Bound,Chennai,INMAA,Nansha,CNNSA,22,CVI-CHINA-VIZAG-INDIA-SERVICE_PIL-L24042026.pdf,
CVI,East-Bound,Gangavaram,INGAV,Port Klang Westport,MYPKG,5,CVI-CHINA-VIZAG-INDIA-SERVICE_PIL-L24042026.pdf,
CVI,East-Bound,Gangavaram,INGAV,Singapore,SGSIN,7,CVI-CHINA-VIZAG-INDIA-SERVICE_PIL-L24042026.pdf,
CVI,East-Bound,Gangavaram,INGAV,Shanghai,CNSHA,14,CVI-CHINA-VIZAG-INDIA-SERVICE_PIL-L24042026.pdf,
CVI,East-Bound,Gangavaram,INGAV,Ningbo,CNNGB,16,CVI-CHINA-VIZAG-INDIA-SERVICE_PIL-L24042026.pdf,
CVI,East-Bound,Gangavaram,INGAV,Nansha,CNNSA,20,CVI-CHINA-VIZAG-INDIA-SERVICE_PIL-L24042026.pdf,
CVI,East-Bound,Port Klang Westport,MYPKG,Singapore,SGSIN,1,CVI-CHINA-VIZAG-INDIA-SERVICE_PIL-L24042026.pdf,
CVI,East-Bound,Port Klang Westport,MYPKG,Shanghai,CNSHA,7,CVI-CHINA-VIZAG-INDIA-SERVICE_PIL-L24042026.pdf,
CVI,East-Bound,Port Klang Westport,MYPKG,Ningbo,CNNGB,9,CVI-CHINA-VIZAG-INDIA-SERVICE_PIL-L24042026.pdf,
CVI,East-Bound,Port Klang Westport,MYPKG,Nansha,CNNSA,13,CVI-CHINA-VIZAG-INDIA-SERVICE_PIL-L24042026.pdf,
CVI,East-Bound,Singapore,SGSIN,Shanghai,CNSHA,6,CVI-CHINA-VIZAG-INDIA-SERVICE_PIL-L24042026.pdf,
CVI,East-Bound,Singapore,SGSIN,Ningbo,CNNGB,8,CVI-CHINA-VIZAG-INDIA-SERVICE_PIL-L24042026.pdf,
CVI,East-Bound,Singapore,SGSIN,Nansha,CNNSA,12,CVI-CHINA-VIZAG-INDIA-SERVICE_PIL-L24042026.pdf,
YGS,North-Bound,Singapore,SGSIN,Yangon,MMRGN,4,YGS-YANGON-SERVICE_PIL-L24042026.pdf,
YGS,South-Bound,Yangon,MMRGN,Singapore,SGSIN,5,YGS-YANGON-SERVICE_PIL-L24042026.pdf,
