Vessel_Name,IMO_Number,Flag,DWT_MT,GT,NT,Nominal_TEU,Main_Engine_Fuel_Types,Scrubber_Fitted,Max_ROB_MT,Min_ROB_MT,Consumption_Transit_MT_Per_Day,Consumption_Berth_MT_Per_Day,Bunkering_Trigger_MT,Source_File,Data_Notes
ASTERIOS,9951135,LIBERIA,22750,17785,7789,1827,VLSFO; HSFO; MGO,Yes,683,228,20.48,3.41,341.25,Vessel Specifications,
KOTA ANGGUN,9175602,SINGAPORE,23842,17652,8156,1454,VLSFO; HSFO; MGO,No,715,238,21.46,3.58,357.63,Vessel Specifications,
KOTA AZAM,9182033,SINGAPORE,23825,17652,8156,1454,VLSFO; HSFO; MGO,Yes,715,238,21.44,3.57,357.375,Vessel Specifications,
KOTA CABAR,9494606,SINGAPORE,89120,76633,41719,6606,VLSFO; HSFO; MGO,No,2674,891,80.21,13.37,1336.8,Vessel Specifications,
KOTA CAHAYA,9494589,SINGAPORE,83964,76633,41719,6606,VLSFO; HSFO; MGO,Yes,2519,840,75.57,12.59,1259.46,Vessel Specifications,
KOTA CANTIK,9494591,SINGAPORE,83964,76633,41723,6606,VLSFO; HSFO; MGO,Yes,2519,840,75.57,12.59,1259.46,Vessel Specifications,
KOTA CARUM,9494577,SINGAPORE,83964,76633,41735,6606,VLSFO; HSFO; MGO,No,2519,840,75.57,12.59,1259.46,Vessel Specifications,
KOTA CEMPAKA,9638965,SINGAPORE,89488,76633,41703,6606,VLSFO; HSFO; MGO,Yes,2685,895,80.54,13.42,1342.32,Vessel Specifications,
KOTA CEPAT,9638977,SINGAPORE,84332,76633,41703,6606,VLSFO; HSFO; MGO,No,2530,843,75.9,12.65,1264.98,Vessel Specifications,
KOTA DAHLIA,9408449,SINGAPORE,8164,6245,2656,628,VLSFO; HSFO; MGO,No,245,82,7.35,1.22,122.46,Vessel Specifications,
KOTA DUNIA,9483475,SINGAPORE,8214,6245,2656,628,VLSFO; HSFO; MGO,Yes,246,82,7.39,1.23,123.21,Vessel Specifications,
KOTA DUTA,9483487,SINGAPORE,8245,6245,2656,628,VLSFO; HSFO; MGO,Yes,247,82,7.42,1.24,123.675,Vessel Specifications,
KOTA EAGLE,9963700,SINGAPORE,156620,139136,79406,14450,VLSFO; HSFO; MGO,Yes,4699,1566,140.96,23.49,2349.3,Vessel Specifications,
KOTA EBONY,9968853,SINGAPORE,156597,139136,79406,14450,VLSFO; HSFO; MGO,No,4698,1566,140.94,23.49,2348.955,Vessel Specifications,
KOTA ELAN,1081843,SINGAPORE,152752,130769,67630,13064,VLSFO; HSFO; MGO,No,4583,1528,137.48,22.91,2291.28,Vessel Specifications,IMO number begins with 1 and passes the IMO check-digit algorithm; not a typo
KOTA ELOK,1081831,SINGAPORE,152468,130769,62918,13064,VLSFO; HSFO; MGO,Yes,4574,1525,137.22,22.87,2287.02,Vessel Specifications,IMO number begins with 1 and passes the IMO check-digit algorithm; not a typo
KOTA EMBUN,9968865,SINGAPORE,156517,139136,79406,14410,VLSFO; HSFO; MGO,No,4696,1565,140.87,23.48,2347.755,Vessel Specifications,
KOTA EMERALD,9963712,SINGAPORE,156620,139136,79406,14450,VLSFO; HSFO; MGO,No,4699,1566,140.96,23.49,2349.3,Vessel Specifications,
KOTA GABUNG,9616852,SINGAPORE,39572,29015,13359,2754,VLSFO; HSFO; MGO,Yes,1187,396,35.61,5.94,593.58,Vessel Specifications,
KOTA GADANG,9626429,SINGAPORE,39598,29015,13359,2800,VLSFO; HSFO; MGO,Yes,1188,396,35.64,5.94,593.97,Vessel Specifications,
KOTA GANDING,9626431,SINGAPORE,39598,29015,13359,2800,VLSFO; HSFO; MGO,Yes,1188,396,35.64,5.94,593.97,Vessel Specifications,
KOTA GAYA,9616802,SINGAPORE,39598,29015,13359,2754,VLSFO; HSFO; MGO,Yes,1188,396,35.64,5.94,593.97,Vessel Specifications,
KOTA HAKIM,9238600,SINGAPORE,18830,13491,7314,1080,VLSFO; HSFO; MGO,Yes,565,188,16.95,2.82,282.45,Vessel Specifications,
KOTA HALUS,9238612,SINGAPORE,18872,13491,7314,1080,VLSFO; HSFO; MGO,Yes,566,189,16.98,2.83,283.08,Vessel Specifications,
KOTA HANDAL,9272981,SINGAPORE,18855,13497,7314,1080,VLSFO; HSFO; MGO,No,566,189,16.97,2.83,282.825,Vessel Specifications,
KOTA HARUM,9238636,SINGAPORE,18870,13491,7314,1080,VLSFO; HSFO; MGO,Yes,566,189,16.98,2.83,283.05,Vessel Specifications,
KOTA HENING,9278909,SINGAPORE,18871,13497,7314,1080,VLSFO; HSFO; MGO,No,566,189,16.98,2.83,283.065,Vessel Specifications,
KOTA HIDAYAH,9244972,SINGAPORE,17296,13547,5823,1170,VLSFO; HSFO; MGO,Yes,519,173,15.57,2.59,259.44,Vessel Specifications,
KOTA JAYA,9205677,SINGAPORE,24921,18502,9413,1728,VLSFO; HSFO; MGO,Yes,748,249,22.43,3.74,373.815,Vessel Specifications,
KOTA JOHAN,9641003,SINGAPORE,24147,24261,7279,2034,VLSFO; HSFO; MGO,Yes,724,241,21.73,3.62,362.205,Vessel Specifications,
KOTA KAMIL,9307413,SINGAPORE,39782,31070,15648,3081,VLSFO; HSFO; MGO,Yes,1193,398,35.8,5.97,596.73,Vessel Specifications,
KOTA KARIM,9307425,SINGAPORE,39763,31070,15648,3081,VLSFO; HSFO; MGO,Yes,1193,398,35.79,5.96,596.445,Vessel Specifications,
KOTA KAYA,9307401,SINGAPORE,39932,31070,15648,3081,VLSFO; HSFO; MGO,No,1198,399,35.94,5.99,598.98,Vessel Specifications,
KOTA LAMBAI,9351024,SINGAPORE,50596,39906,24504,4253,VLSFO; HSFO; MGO,Yes,1518,506,45.54,7.59,758.94,Vessel Specifications,
KOTA LAMBANG,9351036,SINGAPORE,50596,39906,24504,4253,VLSFO; HSFO; MGO,Yes,1518,506,45.54,7.59,758.94,Vessel Specifications,
KOTA LARIS,9351048,SINGAPORE,50638,39906,24504,4253,VLSFO; HSFO; MGO,No,1519,506,45.57,7.6,759.57,Vessel Specifications,
KOTA LAWA,9439709,SINGAPORE,50638,40474,24504,4253,VLSFO; HSFO; MGO,No,1519,506,45.57,7.6,759.57,Vessel Specifications,
KOTA LAYANG,9439759,SINGAPORE,50595,39906,24504,4253,VLSFO; HSFO; MGO,Yes,1518,506,45.54,7.59,758.925,Vessel Specifications,
KOTA LEGIT,9625413,SINGAPORE,57778,47933,20270,4800,VLSFO; HSFO; MGO,Yes,1733,578,52,8.67,866.67,Vessel Specifications,
KOTA LEKAS,9625401,SINGAPORE,57712,47933,20270,4800,VLSFO; HSFO; MGO,Yes,1731,577,51.94,8.66,865.68,Vessel Specifications,
KOTA LEMBAH,9622318,SINGAPORE,51822,42020,23676,4335,VLSFO; HSFO; MGO,Yes,1555,518,46.64,7.77,777.33,Vessel Specifications,
KOTA LESTARI,9628348,SINGAPORE,51822,42020,23676,4335,VLSFO; HSFO; MGO,Yes,1555,518,46.64,7.77,777.33,Vessel Specifications,
KOTA LIHAT,9628324,SINGAPORE,51769,42020,23676,4335,VLSFO; HSFO; MGO,Yes,1553,518,46.59,7.77,776.535,Vessel Specifications,
KOTA LIMA,9267651,LIBERIA,67197,66292,27512,5544,VLSFO; HSFO; MGO,Yes,2016,672,60.48,10.08,1007.955,Vessel Specifications,
KOTA LOCENG,9628336,SINGAPORE,51822,42020,23676,4335,VLSFO; HSFO; MGO,Yes,1555,518,46.64,7.77,777.33,Vessel Specifications,
KOTA LUMAYAN,9494541,SINGAPORE,50746,39906,24504,4253,VLSFO; HSFO; MGO,Yes,1522,507,45.67,7.61,761.19,Vessel Specifications,
KOTA LUMBA,9439761,"HONG KONG SAR,CHINA",50604,39906,24504,4253,VLSFO; HSFO; MGO,Yes,1518,506,45.54,7.59,759.06,Vessel Specifications,
KOTA MACHAN,9632777,SINGAPORE,45361,37304,13856,3566,VLSFO; HSFO; MGO,No,1361,454,40.82,6.8,680.415,Vessel Specifications,
KOTA MAKMUR,9632753,"HONG KONG SAR,CHINA",45349,37373,13856,3566,VLSFO; HSFO; MGO,No,1360,453,40.81,6.8,680.235,Vessel Specifications,
KOTA MANIS,9632741,SINGAPORE,45349,37304,13856,3566,VLSFO; HSFO; MGO,Yes,1360,453,40.81,6.8,680.235,Vessel Specifications,
KOTA MANZANILLO,9305465,LIBERIA,103378,91649,56693,8533,VLSFO; HSFO; MGO,Yes,3101,1034,93.04,15.51,1550.67,Vessel Specifications,
KOTA MEGAH,9632765,SINGAPORE,45349,37373,13856,3566,VLSFO; HSFO; MGO,No,1360,453,40.81,6.8,680.235,Vessel Specifications,
KOTA NABIL,9356830,SINGAPORE,25985,20902,9119,1810,VLSFO; HSFO; MGO,Yes,780,260,23.39,3.9,389.775,Vessel Specifications,
KOTA NAGA,9362310,SINGAPORE,25985,20902,9121,1810,VLSFO; HSFO; MGO,Yes,780,260,23.39,3.9,389.775,Vessel Specifications,
KOTA NALURI,9362308,SINGAPORE,25985,20902,9111,1810,VLSFO; HSFO; MGO,No,780,260,23.39,3.9,389.775,Vessel Specifications,
KOTA NANHAI,9461635,SINGAPORE,25985,20902,9123,1810,VLSFO; HSFO; MGO,Yes,780,260,23.39,3.9,389.775,Vessel Specifications,
KOTA NASRAT,9494620,SINGAPORE,25985,20902,9119,1810,VLSFO; HSFO; MGO,Yes,780,260,23.39,3.9,389.775,Vessel Specifications,
KOTA NAZAR,9390238,SINGAPORE,25985,20902,9112,1810,VLSFO; HSFO; MGO,No,780,260,23.39,3.9,389.775,Vessel Specifications,
KOTA NAZIM,9390240,SINGAPORE,25985,20902,9114,1810,VLSFO; HSFO; MGO,Yes,780,260,23.39,3.9,389.775,Vessel Specifications,
KOTA NEBULA,9494632,SINGAPORE,25985,20902,9118,1810,VLSFO; HSFO; MGO,No,780,260,23.39,3.9,389.775,Vessel Specifications,
KOTA NEKAD,9390252,PANAMA,25985,20902,9123,1810,VLSFO; HSFO; MGO,No,780,260,23.39,3.9,389.775,Vessel Specifications,
KOTA NILAM,9461647,SINGAPORE,25985,20902,9118,1810,VLSFO; HSFO; MGO,Yes,780,260,23.39,3.9,389.775,Vessel Specifications,
KOTA NIPAH,9593696,SINGAPORE,25944,20902,9121,1810,VLSFO; HSFO; MGO,No,778,259,23.35,3.89,389.16,Vessel Specifications,
KOTA OASIS,9977866,SINGAPORE,98626,78384,41812,8350,VLSFO; HSFO; MGO,No,2959,986,88.76,14.79,1479.39,Vessel Specifications,
KOTA OCEAN,9977854,SINGAPORE,98626,78384,41812,8350,VLSFO; HSFO; MGO,Yes,2959,986,88.76,14.79,1479.39,Vessel Specifications,
KOTA ODYSSEY,9977878,SINGAPORE,98113,78384,41812,8350,VLSFO; HSFO; MGO,No,2943,981,88.3,14.72,1471.695,Vessel Specifications,
KOTA ORKID,9977880,SINGAPORE,98081,78694,41812,8350,VLSFO; HSFO; MGO,No,2942,981,88.27,14.71,1471.215,Vessel Specifications,
KOTA PAHLAWAN,9786712,SINGAPORE,132647,114380,62816,11923,VLSFO; HSFO; MGO,No,3979,1326,119.38,19.9,1989.705,Vessel Specifications,
KOTA PELANGI,9786748,SINGAPORE,132623,114380,62816,11923,VLSFO; HSFO; MGO,Yes,3979,1326,119.36,19.89,1989.345,Vessel Specifications,
KOTA PEONY,9475662,LIBERIA,141203,141770,63565,13082,VLSFO; HSFO; MGO,Yes,4236,1412,127.08,21.18,2118.045,Vessel Specifications,
KOTA PLUMBAGO,9475686,GREECE,142117,141770,63565,13082,VLSFO; HSFO; MGO,No,4264,1421,127.91,21.32,2131.755,Vessel Specifications,
KOTA PRIMROSE,9475674,LIBERIA,141550,141770,63565,13082,VLSFO; HSFO; MGO,No,4247,1416,127.4,21.23,2123.25,Vessel Specifications,
KOTA PURI,9793959,"HONG KONG SAR,CHINA",132586,114183,63895,11923,VLSFO; HSFO; MGO,Yes,3978,1326,119.33,19.89,1988.79,Vessel Specifications,
KOTA PUSAKA,9793961,"HONG KONG SAR,CHINA",132586,114183,63895,11923,VLSFO; HSFO; MGO,Yes,3978,1326,119.33,19.89,1988.79,Vessel Specifications,
KOTA RAHMAT,9359674,SINGAPORE,12985,9725,4512,907,VLSFO; HSFO; MGO,No,390,130,11.69,1.95,194.775,Vessel Specifications,
KOTA RAJA,9167423,SINGAPORE,13060,9422,4537,777,VLSFO; HSFO; MGO,Yes,392,131,11.75,1.96,195.9,Vessel Specifications,
KOTA RAJIN,9392171,SINGAPORE,13212,9678,4558,943,VLSFO; HSFO; MGO,Yes,396,132,11.89,1.98,198.18,Vessel Specifications,
KOTA RAKAN,9359686,SINGAPORE,12997,9725,4512,907,VLSFO; HSFO; MGO,Yes,390,130,11.7,1.95,194.955,Vessel Specifications,
KOTA RAKYAT,9296341,SINGAPORE,13001,9725,4512,907,VLSFO; HSFO; MGO,No,390,130,11.7,1.95,195.015,Vessel Specifications,
KOTA RANCAK,9296298,SINGAPORE,13260,9678,4558,943,VLSFO; HSFO; MGO,Yes,398,133,11.93,1.99,198.9,Vessel Specifications,
KOTA RATNA,9167447,SINGAPORE,13055,9422,4537,777,VLSFO; HSFO; MGO,No,392,131,11.75,1.96,195.825,Vessel Specifications,
KOTA RATU,9167435,SINGAPORE,13064,9422,4537,777,VLSFO; HSFO; MGO,No,392,131,11.76,1.96,195.96,Vessel Specifications,
KOTA RESTU,9392169,SINGAPORE,13194,9678,4558,943,VLSFO; HSFO; MGO,Yes,396,132,11.87,1.98,197.91,Vessel Specifications,
KOTA RIA,9296339,SINGAPORE,13017,9725,4512,907,VLSFO; HSFO; MGO,No,391,130,11.72,1.95,195.255,Vessel Specifications,
KOTA RUKUN,9167459,SINGAPORE,13058,9422,4537,777,VLSFO; HSFO; MGO,No,392,131,11.75,1.96,195.87,Vessel Specifications,
KOTA SABAS,9645451,SINGAPORE,51739,41706,22321,3889,VLSFO; HSFO; MGO,Yes,1552,517,46.57,7.76,776.085,Vessel Specifications,
KOTA SAHABAT,9645463,SINGAPORE,51739,41706,22321,3889,VLSFO; HSFO; MGO,Yes,1552,517,46.57,7.76,776.085,Vessel Specifications,
KOTA SALAM,9645475,SINGAPORE,51739,41706,22321,3889,VLSFO; HSFO; MGO,Yes,1552,517,46.57,7.76,776.085,Vessel Specifications,
KOTA SANTOS,9293765,LIBERIA,106936,90449,59328,8463,VLSFO; HSFO; MGO,Yes,3208,1069,96.24,16.04,1604.04,Vessel Specifications,
KOTA SATRIA,9645487,SINGAPORE,51755,41706,22321,3889,VLSFO; HSFO; MGO,Yes,1553,518,46.58,7.76,776.325,Vessel Specifications,
KOTA SEGAR,9681235,SINGAPORE,51739,41706,22321,3889,VLSFO; HSFO; MGO,Yes,1552,517,46.57,7.76,776.085,Vessel Specifications,
KOTA SEJARAH,9681247,SINGAPORE,51755,41706,22321,3889,VLSFO; HSFO; MGO,No,1553,518,46.58,7.76,776.325,Vessel Specifications,
KOTA SEJATI,9681259,SINGAPORE,51755,41653,22321,3889,VLSFO; HSFO; MGO,No,1553,518,46.58,7.76,776.325,Vessel Specifications,
KOTA SELAMAT,9681261,SINGAPORE,51755,41653,22321,3889,VLSFO; HSFO; MGO,No,1553,518,46.58,7.76,776.325,Vessel Specifications,
KOTA SEMPENA,9681273,SINGAPORE,51755,41706,22321,3889,VLSFO; HSFO; MGO,No,1553,518,46.58,7.76,776.325,Vessel Specifications,
KOTA SETIA,9681285,SINGAPORE,51755,41706,22321,3889,VLSFO; HSFO; MGO,No,1553,518,46.58,7.76,776.325,Vessel Specifications,
KOTA SINGA,9681314,SINGAPORE,51783,41649,22321,3889,VLSFO; HSFO; MGO,No,1553,518,46.6,7.77,776.745,Vessel Specifications,
KOTA SURIA,9681326,SINGAPORE,51791,41649,22321,3889,VLSFO; HSFO; MGO,No,1554,518,46.61,7.77,776.865,Vessel Specifications,
KOTA SYDNEY,9965356,SINGAPORE,84900,73172,45182,7092,VLSFO; HSFO; MGO,Yes,2547,849,76.41,12.74,1273.5,Vessel Specifications,
KOTA TEMA,9965344,SINGAPORE,86800,73172,45182,7092,VLSFO; HSFO; MGO,Yes,2604,868,78.12,13.02,1302,Vessel Specifications,
KOTA TENAGA,9251157,SINGAPORE,10701,7683,4145,728,VLSFO; HSFO; MGO,Yes,321,107,9.63,1.61,160.515,Vessel Specifications,
KOTA VALPARAISO,9937531,MARSHALL ISLANDS,86793,73172,45182,7092,VLSFO; HSFO; MGO,Yes,2604,868,78.11,13.02,1301.895,Vessel Specifications,
LITTLE MERMAID,9946245,LIBERIA,24468,18848,8093,1781,VLSFO; HSFO; MGO,Yes,734,245,22.02,3.67,367.02,Vessel Specifications,
PACANDA,9343675,ANTIGUA AND BARBUDA,12500,9610,4745,,VLSFO; HSFO; MGO,No,375,125,11.25,1.88,187.5,Vessel Specifications,"Nominal TEU shown as 0 in source; treated as unknown, not zero capacity"
SALAM MAJU,9245225,MALAYSIA,17324,13547,5823,1170,VLSFO; HSFO; MGO,Yes,520,173,15.59,2.6,259.86,Vessel Specifications,
SC MARA,9302578,CYPRUS,68164,54214,31226,5060,VLSFO; HSFO; MGO,No,2045,682,61.35,10.22,1022.46,Vessel Specifications,
SELATAN DAMAI,9353931,INDONESIA,8150,6245,2656,628,VLSFO; HSFO; MGO,No,245,82,7.34,1.22,122.25,Vessel Specifications,
ZHONG HANG SHENG,9243605,CHINA,35600,30024,12626,2783,VLSFO; HSFO; MGO,No,1068,356,32.04,5.34,534,Vessel Specifications,
ZHU CHENG XIN ZHOU,9252993,CHINA,33750,25705,12028,2526,VLSFO; HSFO; MGO,Yes,1013,338,30.38,5.06,506.25,Vessel Specifications,
